Workbook

Sheet Datawrapper Format
A1: Datum | B1: year_month | C1: pollster | D1: Vladimir Zelenskiy (individual, scope-normalised) | E1: Valerii Zaluzhniy (individual, scope-normalised) | F1: Kyrylo Budanov (individual, scope-normalised) | G1: Pyotr Poroshenko (individual, scope-normalised) | H1: Vladimir Zelenskiy (full weighted 1mo avg) | I1: Valerii Zaluzhniy (full weighted 1mo avg) | J1: Kyrylo Budanov (full weighted 1mo avg) | K1: Pyotr Poroshenko (full weighted 1mo avg) | L1: Zelenskiy (smoothed avg) | M1: Zaluzhniy (smoothed avg) | N1: Budanov (smoothed avg) | O1: Poroshenko (smoothed avg)
A2: 2026-03-26 | B2: 2026-03-01 | C2: SOCIS | D2: =IF(SUMPRODUCT((Data!$D$2:$D$2277=A2)*(Data!$E$2:$E$2277=C2)*(Data!$M$2:$M$2277="Vladimir Zelenskiy"))>0,SUMPRODUCT((Data!$D$2:$D$2277=A2)*(Data!$E$2:$E$2277=C2)*(Data!$M$2:$M$2277="Vladimir Zelenskiy")*IF(ISNUMBER(Data!$W$2:$W$2277),Data!$W$2:$W$2277,0))/SUMPRODUCT((Data!$D$2:$D$2277=A2)*(Data!$E$2:$E$2277=C2)*(Data!$M$2:$M$2277="Vladimir Zelenskiy")),"") -> 29.3 | E2: =IF(SUMPRODUCT((Data!$D$2:$D$2277=A2)*(Data!$E$2:$E$2277=C2)*(Data!$M$2:$M$2277="Valerii Zaluzhniy"))>0,SUMPRODUCT((Data!$D$2:$D$2277=A2)*(Data!$E$2:$E$2277=C2)*(Data!$M$2:$M$2277="Valerii Zaluzhniy")*IF(ISNUMBER(Data!$W$2:$W$2277),Data!$W$2:$W$2277,0))/SUMPRODUCT((Data!$D$2:$D$2277=A2)*(Data!$E$2:$E$2277=C2)*(Data!$M$2:$M$2277="Valerii Zaluzhniy")),"") -> 25 | F2: =IF(SUMPRODUCT((Data!$D$2:$D$2277=A2)*(Data!$E$2:$E$2277=C2)*(Data!$M$2:$M$2277="Kyrylo Budanov"))>0,SUMPRODUCT((Data!$D$2:$D$2277=A2)*(Data!$E$2:$E$2277=C2)*(Data!$M$2:$M$2277="Kyrylo Budanov")*IF(ISNUMBER(Data!$W$2:$W$2277),Data!$W$2:$W$2277,0))/SUMPRODUCT((Data!$D$2:$D$2277=A2)*(Data!$E$2:$E$2277=C2)*(Data!$M$2:$M$2277="Kyrylo Budanov")),"") -> 13.7 | G2: =IF(SUMPRODUCT((Data!$D$2:$D$2277=A2)*(Data!$E$2:$E$2277=C2)*(Data!$M$2:$M$2277="Pyotr Poroshenko"))>0,SUMPRODUCT((Data!$D$2:$D$2277=A2)*(Data!$E$2:$E$2277=C2)*(Data!$M$2:$M$2277="Pyotr Poroshenko")*IF(ISNUMBER(Data!$W$2:$W$2277),Data!$W$2:$W$2277,0))/SUMPRODUCT((Data!$D$2:$D$2277=A2)*(Data!$E$2:$E$2277=C2)*(Data!$M$2:$M$2277="Pyotr Poroshenko")),"") -> 7.4 | H2: {=IFERROR(INDEX(Avg!$F$2:$F$50,MATCH(DATE(YEAR(A2),MONTH(A2),1),Avg!$A$2:$A$50,0)),"")} -> 28.781612 | I2: {=IFERROR(INDEX(Avg!$G$2:$G$50,MATCH(DATE(YEAR(A2),MONTH(A2),1),Avg!$A$2:$A$50,0)),"")} -> 25.209129 | J2: {=IFERROR(INDEX(Avg!$H$2:$H$50,MATCH(DATE(YEAR(A2),MONTH(A2),1),Avg!$A$2:$A$50,0)),"")} -> 10.613857 | K2: {=IFERROR(INDEX(Avg!$I$2:$I$50,MATCH(DATE(YEAR(A2),MONTH(A2),1),Avg!$A$2:$A$50,0)),"")} -> 8.8897622 | L2: {=IFERROR(INDEX(Avg!$L$2:$L$50,MATCH(DATE(YEAR(A2),MONTH(A2),1),Avg!$A$2:$A$50,0)),"")} -> 28.497204 | M2: {=IFERROR(INDEX(Avg!$M$2:$M$50,MATCH(DATE(YEAR(A2),MONTH(A2),1),Avg!$A$2:$A$50,0)),"")} -> 25.573807 | N2: {=IFERROR(INDEX(Avg!$N$2:$N$50,MATCH(DATE(YEAR(A2),MONTH(A2),1),Avg!$A$2:$A$50,0)),"")} -> 9.6178518 | O2: {=IFERROR(INDEX(Avg!$O$2:$O$50,MATCH(DATE(YEAR(A2),MONTH(A2),1),Avg!$A$2:$A$50,0)),"")} -> 9.2545957
A3: 2026-02-04 | B3: 2026-01-01 | C3: Active Group | D3: =IF(SUMPRODUCT((Data!$D$2:$D$2277=A3)*(Data!$E$2:$E$2277=C3)*(Data!$M$2:$M$2277="Vladimir Zelenskiy"))>0,SUMPRODUCT((Data!$D$2:$D$2277=A3)*(Data!$E$2:$E$2277=C3)*(Data!$M$2:$M$2277="Vladimir Zelenskiy")*IF(ISNUMBER(Data!$W$2:$W$2277),Data!$W$2:$W$2277,0))/SUMPRODUCT((Data!$D$2:$D$2277=A3)*(Data!$E$2:$E$2277=C3)*(Data!$M$2:$M$2277="Vladimir Zelenskiy")),"") -> 32.9 | E3: =IF(SUMPRODUCT((Data!$D$2:$D$2277=A3)*(Data!$E$2:$E$2277=C3)*(Data!$M$2:$M$2277="Valerii Zaluzhniy"))>0,SUMPRODUCT((Data!$D$2:$D$2277=A3)*(Data!$E$2:$E$2277=C3)*(Data!$M$2:$M$2277="Valerii Zaluzhniy")*IF(ISNUMBER(Data!$W$2:$W$2277),Data!$W$2:$W$2277,0))/SUMPRODUCT((Data!$D$2:$D$2277=A3)*(Data!$E$2:$E$2277=C3)*(Data!$M$2:$M$2277="Valerii Zaluzhniy")),"") -> 15.9 | F3: =IF(SUMPRODUCT((Data!$D$2:$D$2277=A3)*(Data!$E$2:$E$2277=C3)*(Data!$M$2:$M$2277="Kyrylo Budanov"))>0,SUMPRODUCT((Data!$D$2:$D$2277=A3)*(Data!$E$2:$E$2277=C3)*(Data!$M$2:$M$2277="Kyrylo Budanov")*IF(ISNUMBER(Data!$W$2:$W$2277),Data!$W$2:$W$2277,0))/SUMPRODUCT((Data!$D$2:$D$2277=A3)*(Data!$E$2:$E$2277=C3)*(Data!$M$2:$M$2277="Kyrylo Budanov")),"") -> 13.8 | G3: =IF(SUMPRODUCT((Data!$D$2:$D$2277=A3)*(Data!$E$2:$E$2277=C3)*(Data!$M$2:$M$2277="Pyotr Poroshenko"))>0,SUMPRODUCT((Data!$D$2:$D$2277=A3)*(Data!$E$2:$E$2277=C3)*(Data!$M$2:$M$2277="Pyotr Poroshenko")*IF(ISNUMBER(Data!$W$2:$W$2277),Data!$W$2:$W$2277,0))/SUMPRODUCT((Data!$D$2:$D$2277=A3)*(Data!$E$2:$E$2277=C3)*(Data!$M$2:$M$2277="Pyotr Poroshenko")),"") -> 10.9 | H3: {=IFERROR(INDEX(Avg!$F$2:$F$50,MATCH(DATE(YEAR(A3),MONTH(A3),1),Avg!$A$2:$A$50,0)),"")} -> 28.500372 | I3: {=IFERROR(INDEX(Avg!$G$2:$G$50,MATCH(DATE(YEAR(A3),MONTH(A3),1),Avg!$A$2:$A$50,0)),"")} -> 25.322587 | J3: {=IFERROR(INDEX(Avg!$H$2:$H$50,MATCH(DATE(YEAR(A3),MONTH(A3),1),Avg!$A$2:$A$50,0)),"")} -> 8.9395449 | K3: {=IFERROR(INDEX(Avg!$I$2:$I$50,MATCH(DATE(YEAR(A3),MONTH(A3),1),Avg!$A$2:$A$50,0)),"")} -> 9.6979968 | L3: {=IFERROR(INDEX(Avg!$L$2:$L$50,MATCH(DATE(YEAR(A3),MONTH(A3),1),Avg!$A$2:$A$50,0)),"")} -> 28.333617 | M3: {=IFERROR(INDEX(Avg!$M$2:$M$50,MATCH(DATE(YEAR(A3),MONTH(A3),1),Avg!$A$2:$A$50,0)),"")} -> 26.104611 | N3: {=IFERROR(INDEX(Avg!$N$2:$N$50,MATCH(DATE(YEAR(A3),MONTH(A3),1),Avg!$A$2:$A$50,0)),"")} -> 8.3388392 | O3: {=IFERROR(INDEX(Avg!$O$2:$O$50,MATCH(DATE(YEAR(A3),MONTH(A3),1),Avg!$A$2:$A$50,0)),"")} -> 9.2278448
A4: 2026-01-12 | B4: 2026-01-01 | C4: Active Group | D4: =IF(SUMPRODUCT((Data!$D$2:$D$2277=A4)*(Data!$E$2:$E$2277=C4)*(Data!$M$2:$M$2277="Vladimir Zelenskiy"))>0,SUMPRODUCT((Data!$D$2:$D$2277=A4)*(Data!$E$2:$E$2277=C4)*(Data!$M$2:$M$2277="Vladimir Zelenskiy")*IF(ISNUMBER(Data!$W$2:$W$2277),Data!$W$2:$W$2277,0))/SUMPRODUCT((Data!$D$2:$D$2277=A4)*(Data!$E$2:$E$2277=C4)*(Data!$M$2:$M$2277="Vladimir Zelenskiy")),"") -> 32.2 | E4: =IF(SUMPRODUCT((Data!$D$2:$D$2277=A4)*(Data!$E$2:$E$2277=C4)*(Data!$M$2:$M$2277="Valerii Zaluzhniy"))>0,SUMPRODUCT((Data!$D$2:$D$2277=A4)*(Data!$E$2:$E$2277=C4)*(Data!$M$2:$M$2277="Valerii Zaluzhniy")*IF(ISNUMBER(Data!$W$2:$W$2277),Data!$W$2:$W$2277,0))/SUMPRODUCT((Data!$D$2:$D$2277=A4)*(Data!$E$2:$E$2277=C4)*(Data!$M$2:$M$2277="Valerii Zaluzhniy")),"") -> 22.1 | F4: =IF(SUMPRODUCT((Data!$D$2:$D$2277=A4)*(Data!$E$2:$E$2277=C4)*(Data!$M$2:$M$2277="Kyrylo Budanov"))>0,SUMPRODUCT((Data!$D$2:$D$2277=A4)*(Data!$E$2:$E$2277=C4)*(Data!$M$2:$M$2277="Kyrylo Budanov")*IF(ISNUMBER(Data!$W$2:$W$2277),Data!$W$2:$W$2277,0))/SUMPRODUCT((Data!$D$2:$D$2277=A4)*(Data!$E$2:$E$2277=C4)*(Data!$M$2:$M$2277="Kyrylo Budanov")),"") -> 9.4 | G4: =IF(SUMPRODUCT((Data!$D$2:$D$2277=A4)*(Data!$E$2:$E$2277=C4)*(Data!$M$2:$M$2277="Pyotr Poroshenko"))>0,SUMPRODUCT((Data!$D$2:$D$2277=A4)*(Data!$E$2:$E$2277=C4)*(Data!$M$2:$M$2277="Pyotr Poroshenko")*IF(ISNUMBER(Data!$W$2:$W$2277),Data!$W$2:$W$2277,0))/SUMPRODUCT((Data!$D$2:$D$2277=A4)*(Data!$E$2:$E$2277=C4)*(Data!$M$2:$M$2277="Pyotr Poroshenko")),"") -> 10.4 | H4: {=IFERROR(INDEX(Avg!$F$2:$F$50,MATCH(DATE(YEAR(A4),MONTH(A4),1),Avg!$A$2:$A$50,0)),"")} -> 27.637642 | I4: {=IFERROR(INDEX(Avg!$G$2:$G$50,MATCH(DATE(YEAR(A4),MONTH(A4),1),Avg!$A$2:$A$50,0)),"")} -> 27.170279 | J4: {=IFERROR(INDEX(Avg!$H$2:$H$50,MATCH(DATE(YEAR(A4),MONTH(A4),1),Avg!$A$2:$A$50,0)),"")} -> 7.9864497 | K4: {=IFERROR(INDEX(Avg!$I$2:$I$50,MATCH(DATE(YEAR(A4),MONTH(A4),1),Avg!$A$2:$A$50,0)),"")} -> 9.4622939 | L4: {=IFERROR(INDEX(Avg!$L$2:$L$50,MATCH(DATE(YEAR(A4),MONTH(A4),1),Avg!$A$2:$A$50,0)),"")} -> 28.763061 | M4: {=IFERROR(INDEX(Avg!$M$2:$M$50,MATCH(DATE(YEAR(A4),MONTH(A4),1),Avg!$A$2:$A$50,0)),"")} -> 26.766213 | N4: {=IFERROR(INDEX(Avg!$N$2:$N$50,MATCH(DATE(YEAR(A4),MONTH(A4),1),Avg!$A$2:$A$50,0)),"")} -> 7.3844773 | O4: {=IFERROR(INDEX(Avg!$O$2:$O$50,MATCH(DATE(YEAR(A4),MONTH(A4),1),Avg!$A$2:$A$50,0)),"")} -> 8.3309527
A5: 2026-01-02 | B5: 2025-12-01 | C5: Ipsos | D5: =IF(SUMPRODUCT((Data!$D$2:$D$2277=A5)*(Data!$E$2:$E$2277=C5)*(Data!$M$2:$M$2277="Vladimir Zelenskiy"))>0,SUMPRODUCT((Data!$D$2:$D$2277=A5)*(Data!$E$2:$E$2277=C5)*(Data!$M$2:$M$2277="Vladimir Zelenskiy")*IF(ISNUMBER(Data!$W$2:$W$2277),Data!$W$2:$W$2277,0))/SUMPRODUCT((Data!$D$2:$D$2277=A5)*(Data!$E$2:$E$2277=C5)*(Data!$M$2:$M$2277="Vladimir Zelenskiy")),"") -> 25.641026 | E5: =IF(SUMPRODUCT((Data!$D$2:$D$2277=A5)*(Data!$E$2:$E$2277=C5)*(Data!$M$2:$M$2277="Valerii Zaluzhniy"))>0,SUMPRODUCT((Data!$D$2:$D$2277=A5)*(Data!$E$2:$E$2277=C5)*(Data!$M$2:$M$2277="Valerii Zaluzhniy")*IF(ISNUMBER(Data!$W$2:$W$2277),Data!$W$2:$W$2277,0))/SUMPRODUCT((Data!$D$2:$D$2277=A5)*(Data!$E$2:$E$2277=C5)*(Data!$M$2:$M$2277="Valerii Zaluzhniy")),"") -> 29.487179 | F5: =IF(SUMPRODUCT((Data!$D$2:$D$2277=A5)*(Data!$E$2:$E$2277=C5)*(Data!$M$2:$M$2277="Kyrylo Budanov"))>0,SUMPRODUCT((Data!$D$2:$D$2277=A5)*(Data!$E$2:$E$2277=C5)*(Data!$M$2:$M$2277="Kyrylo Budanov")*IF(ISNUMBER(Data!$W$2:$W$2277),Data!$W$2:$W$2277,0))/SUMPRODUCT((Data!$D$2:$D$2277=A5)*(Data!$E$2:$E$2277=C5)*(Data!$M$2:$M$2277="Kyrylo Budanov")),"") -> 8.974359 | G5: =IF(SUMPRODUCT((Data!$D$2:$D$2277=A5)*(Data!$E$2:$E$2277=C5)*(Data!$M$2:$M$2277="Pyotr Poroshenko"))>0,SUMPRODUCT((Data!$D$2:$D$2277=A5)*(Data!$E$2:$E$2277=C5)*(Data!$M$2:$M$2277="Pyotr Poroshenko")*IF(ISNUMBER(Data!$W$2:$W$2277),Data!$W$2:$W$2277,0))/SUMPRODUCT((Data!$D$2:$D$2277=A5)*(Data!$E$2:$E$2277=C5)*(Data!$M$2:$M$2277="Pyotr Poroshenko")),"") -> 11.538462 | H5: {=IFERROR(INDEX(Avg!$F$2:$F$50,MATCH(DATE(YEAR(A5),MONTH(A5),1),Avg!$A$2:$A$50,0)),"")} -> 27.637642 | I5: {=IFERROR(INDEX(Avg!$G$2:$G$50,MATCH(DATE(YEAR(A5),MONTH(A5),1),Avg!$A$2:$A$50,0)),"")} -> 27.170279 | J5: {=IFERROR(INDEX(Avg!$H$2:$H$50,MATCH(DATE(YEAR(A5),MONTH(A5),1),Avg!$A$2:$A$50,0)),"")} -> 7.9864497 | K5: {=IFERROR(INDEX(Avg!$I$2:$I$50,MATCH(DATE(YEAR(A5),MONTH(A5),1),Avg!$A$2:$A$50,0)),"")} -> 9.4622939 | L5: {=IFERROR(INDEX(Avg!$L$2:$L$50,MATCH(DATE(YEAR(A5),MONTH(A5),1),Avg!$A$2:$A$50,0)),"")} -> 28.763061 | M5: {=IFERROR(INDEX(Avg!$M$2:$M$50,MATCH(DATE(YEAR(A5),MONTH(A5),1),Avg!$A$2:$A$50,0)),"")} -> 26.766213 | N5: {=IFERROR(INDEX(Avg!$N$2:$N$50,MATCH(DATE(YEAR(A5),MONTH(A5),1),Avg!$A$2:$A$50,0)),"")} -> 7.3844773 | O5: {=IFERROR(INDEX(Avg!$O$2:$O$50,MATCH(DATE(YEAR(A5),MONTH(A5),1),Avg!$A$2:$A$50,0)),"")} -> 8.3309527
A6: 2025-12-29 | B6: 2025-12-01 | C6: Active Group | D6: =IF(SUMPRODUCT((Data!$D$2:$D$2277=A6)*(Data!$E$2:$E$2277=C6)*(Data!$M$2:$M$2277="Vladimir Zelenskiy"))>0,SUMPRODUCT((Data!$D$2:$D$2277=A6)*(Data!$E$2:$E$2277=C6)*(Data!$M$2:$M$2277="Vladimir Zelenskiy")*IF(ISNUMBER(Data!$W$2:$W$2277),Data!$W$2:$W$2277,0))/SUMPRODUCT((Data!$D$2:$D$2277=A6)*(Data!$E$2:$E$2277=C6)*(Data!$M$2:$M$2277="Vladimir Zelenskiy")),"") -> 26.8 | E6: =IF(SUMPRODUCT((Data!$D$2:$D$2277=A6)*(Data!$E$2:$E$2277=C6)*(Data!$M$2:$M$2277="Valerii Zaluzhniy"))>0,SUMPRODUCT((Data!$D$2:$D$2277=A6)*(Data!$E$2:$E$2277=C6)*(Data!$M$2:$M$2277="Valerii Zaluzhniy")*IF(ISNUMBER(Data!$W$2:$W$2277),Data!$W$2:$W$2277,0))/SUMPRODUCT((Data!$D$2:$D$2277=A6)*(Data!$E$2:$E$2277=C6)*(Data!$M$2:$M$2277="Valerii Zaluzhniy")),"") -> 25.1 | F6: =IF(SUMPRODUCT((Data!$D$2:$D$2277=A6)*(Data!$E$2:$E$2277=C6)*(Data!$M$2:$M$2277="Kyrylo Budanov"))>0,SUMPRODUCT((Data!$D$2:$D$2277=A6)*(Data!$E$2:$E$2277=C6)*(Data!$M$2:$M$2277="Kyrylo Budanov")*IF(ISNUMBER(Data!$W$2:$W$2277),Data!$W$2:$W$2277,0))/SUMPRODUCT((Data!$D$2:$D$2277=A6)*(Data!$E$2:$E$2277=C6)*(Data!$M$2:$M$2277="Kyrylo Budanov")),"") -> 10.9 | G6: =IF(SUMPRODUCT((Data!$D$2:$D$2277=A6)*(Data!$E$2:$E$2277=C6)*(Data!$M$2:$M$2277="Pyotr Poroshenko"))>0,SUMPRODUCT((Data!$D$2:$D$2277=A6)*(Data!$E$2:$E$2277=C6)*(Data!$M$2:$M$2277="Pyotr Poroshenko")*IF(ISNUMBER(Data!$W$2:$W$2277),Data!$W$2:$W$2277,0))/SUMPRODUCT((Data!$D$2:$D$2277=A6)*(Data!$E$2:$E$2277=C6)*(Data!$M$2:$M$2277="Pyotr Poroshenko")),"") -> 9.8 | H6: {=IFERROR(INDEX(Avg!$F$2:$F$50,MATCH(DATE(YEAR(A6),MONTH(A6),1),Avg!$A$2:$A$50,0)),"")} -> 29.225304 | I6: {=IFERROR(INDEX(Avg!$G$2:$G$50,MATCH(DATE(YEAR(A6),MONTH(A6),1),Avg!$A$2:$A$50,0)),"")} -> 26.319344 | J6: {=IFERROR(INDEX(Avg!$H$2:$H$50,MATCH(DATE(YEAR(A6),MONTH(A6),1),Avg!$A$2:$A$50,0)),"")} -> 7.2415013 | K6: {=IFERROR(INDEX(Avg!$I$2:$I$50,MATCH(DATE(YEAR(A6),MONTH(A6),1),Avg!$A$2:$A$50,0)),"")} -> 7.3484908 | L6: {=IFERROR(INDEX(Avg!$L$2:$L$50,MATCH(DATE(YEAR(A6),MONTH(A6),1),Avg!$A$2:$A$50,0)),"")} -> 30.34064 | M6: {=IFERROR(INDEX(Avg!$M$2:$M$50,MATCH(DATE(YEAR(A6),MONTH(A6),1),Avg!$A$2:$A$50,0)),"")} -> 26.568873 | N6: {=IFERROR(INDEX(Avg!$N$2:$N$50,MATCH(DATE(YEAR(A6),MONTH(A6),1),Avg!$A$2:$A$50,0)),"")} -> 6.6296059 | O6: {=IFERROR(INDEX(Avg!$O$2:$O$50,MATCH(DATE(YEAR(A6),MONTH(A6),1),Avg!$A$2:$A$50,0)),"")} -> 7.1756943
A7: 2026-01-14 | B7: 2025-12-01 | C7: Info Sapiens | D7: =IF(SUMPRODUCT((Data!$D$2:$D$2277=A7)*(Data!$E$2:$E$2277=C7)*(Data!$M$2:$M$2277="Vladimir Zelenskiy"))>0,SUMPRODUCT((Data!$D$2:$D$2277=A7)*(Data!$E$2:$E$2277=C7)*(Data!$M$2:$M$2277="Vladimir Zelenskiy")*IF(ISNUMBER(Data!$W$2:$W$2277),Data!$W$2:$W$2277,0))/SUMPRODUCT((Data!$D$2:$D$2277=A7)*(Data!$E$2:$E$2277=C7)*(Data!$M$2:$M$2277="Vladimir Zelenskiy")),"") -> 30.641026 | E7: =IF(SUMPRODUCT((Data!$D$2:$D$2277=A7)*(Data!$E$2:$E$2277=C7)*(Data!$M$2:$M$2277="Valerii Zaluzhniy"))>0,SUMPRODUCT((Data!$D$2:$D$2277=A7)*(Data!$E$2:$E$2277=C7)*(Data!$M$2:$M$2277="Valerii Zaluzhniy")*IF(ISNUMBER(Data!$W$2:$W$2277),Data!$W$2:$W$2277,0))/SUMPRODUCT((Data!$D$2:$D$2277=A7)*(Data!$E$2:$E$2277=C7)*(Data!$M$2:$M$2277="Valerii Zaluzhniy")),"") -> 21.923077 | F7: =IF(SUMPRODUCT((Data!$D$2:$D$2277=A7)*(Data!$E$2:$E$2277=C7)*(Data!$M$2:$M$2277="Kyrylo Budanov"))>0,SUMPRODUCT((Data!$D$2:$D$2277=A7)*(Data!$E$2:$E$2277=C7)*(Data!$M$2:$M$2277="Kyrylo Budanov")*IF(ISNUMBER(Data!$W$2:$W$2277),Data!$W$2:$W$2277,0))/SUMPRODUCT((Data!$D$2:$D$2277=A7)*(Data!$E$2:$E$2277=C7)*(Data!$M$2:$M$2277="Kyrylo Budanov")),"") -> 5.3846154 | G7: =IF(SUMPRODUCT((Data!$D$2:$D$2277=A7)*(Data!$E$2:$E$2277=C7)*(Data!$M$2:$M$2277="Pyotr Poroshenko"))>0,SUMPRODUCT((Data!$D$2:$D$2277=A7)*(Data!$E$2:$E$2277=C7)*(Data!$M$2:$M$2277="Pyotr Poroshenko")*IF(ISNUMBER(Data!$W$2:$W$2277),Data!$W$2:$W$2277,0))/SUMPRODUCT((Data!$D$2:$D$2277=A7)*(Data!$E$2:$E$2277=C7)*(Data!$M$2:$M$2277="Pyotr Poroshenko")),"") -> 5.5128205 | H7: {=IFERROR(INDEX(Avg!$F$2:$F$50,MATCH(DATE(YEAR(A7),MONTH(A7),1),Avg!$A$2:$A$50,0)),"")} -> 27.637642 | I7: {=IFERROR(INDEX(Avg!$G$2:$G$50,MATCH(DATE(YEAR(A7),MONTH(A7),1),Avg!$A$2:$A$50,0)),"")} -> 27.170279 | J7: {=IFERROR(INDEX(Avg!$H$2:$H$50,MATCH(DATE(YEAR(A7),MONTH(A7),1),Avg!$A$2:$A$50,0)),"")} -> 7.9864497 | K7: {=IFERROR(INDEX(Avg!$I$2:$I$50,MATCH(DATE(YEAR(A7),MONTH(A7),1),Avg!$A$2:$A$50,0)),"")} -> 9.4622939 | L7: {=IFERROR(INDEX(Avg!$L$2:$L$50,MATCH(DATE(YEAR(A7),MONTH(A7),1),Avg!$A$2:$A$50,0)),"")} -> 28.763061 | M7: {=IFERROR(INDEX(Avg!$M$2:$M$50,MATCH(DATE(YEAR(A7),MONTH(A7),1),Avg!$A$2:$A$50,0)),"")} -> 26.766213 | N7: {=IFERROR(INDEX(Avg!$N$2:$N$50,MATCH(DATE(YEAR(A7),MONTH(A7),1),Avg!$A$2:$A$50,0)),"")} -> 7.3844773 | O7: {=IFERROR(INDEX(Avg!$O$2:$O$50,MATCH(DATE(YEAR(A7),MONTH(A7),1),Avg!$A$2:$A$50,0)),"")} -> 8.3309527
A8: 2025-12-25 | B8: 2025-12-01 | C8: SOCIS | D8: =IF(SUMPRODUCT((Data!$D$2:$D$2277=A8)*(Data!$E$2:$E$2277=C8)*(Data!$M$2:$M$2277="Vladimir Zelenskiy"))>0,SUMPRODUCT((Data!$D$2:$D$2277=A8)*(Data!$E$2:$E$2277=C8)*(Data!$M$2:$M$2277="Vladimir Zelenskiy")*IF(ISNUMBER(Data!$W$2:$W$2277),Data!$W$2:$W$2277,0))/SUMPRODUCT((Data!$D$2:$D$2277=A8)*(Data!$E$2:$E$2277=C8)*(Data!$M$2:$M$2277="Vladimir Zelenskiy")),"") -> 30.6 | E8: =IF(SUMPRODUCT((Data!$D$2:$D$2277=A8)*(Data!$E$2:$E$2277=C8)*(Data!$M$2:$M$2277="Valerii Zaluzhniy"))>0,SUMPRODUCT((Data!$D$2:$D$2277=A8)*(Data!$E$2:$E$2277=C8)*(Data!$M$2:$M$2277="Valerii Zaluzhniy")*IF(ISNUMBER(Data!$W$2:$W$2277),Data!$W$2:$W$2277,0))/SUMPRODUCT((Data!$D$2:$D$2277=A8)*(Data!$E$2:$E$2277=C8)*(Data!$M$2:$M$2277="Valerii Zaluzhniy")),"") -> 29.6 | F8: =IF(SUMPRODUCT((Data!$D$2:$D$2277=A8)*(Data!$E$2:$E$2277=C8)*(Data!$M$2:$M$2277="Kyrylo Budanov"))>0,SUMPRODUCT((Data!$D$2:$D$2277=A8)*(Data!$E$2:$E$2277=C8)*(Data!$M$2:$M$2277="Kyrylo Budanov")*IF(ISNUMBER(Data!$W$2:$W$2277),Data!$W$2:$W$2277,0))/SUMPRODUCT((Data!$D$2:$D$2277=A8)*(Data!$E$2:$E$2277=C8)*(Data!$M$2:$M$2277="Kyrylo Budanov")),"") -> 8.1 | G8: =IF(SUMPRODUCT((Data!$D$2:$D$2277=A8)*(Data!$E$2:$E$2277=C8)*(Data!$M$2:$M$2277="Pyotr Poroshenko"))>0,SUMPRODUCT((Data!$D$2:$D$2277=A8)*(Data!$E$2:$E$2277=C8)*(Data!$M$2:$M$2277="Pyotr Poroshenko")*IF(ISNUMBER(Data!$W$2:$W$2277),Data!$W$2:$W$2277,0))/SUMPRODUCT((Data!$D$2:$D$2277=A8)*(Data!$E$2:$E$2277=C8)*(Data!$M$2:$M$2277="Pyotr Poroshenko")),"") -> 7.2 | H8: {=IFERROR(INDEX(Avg!$F$2:$F$50,MATCH(DATE(YEAR(A8),MONTH(A8),1),Avg!$A$2:$A$50,0)),"")} -> 29.225304 | I8: {=IFERROR(INDEX(Avg!$G$2:$G$50,MATCH(DATE(YEAR(A8),MONTH(A8),1),Avg!$A$2:$A$50,0)),"")} -> 26.319344 | J8: {=IFERROR(INDEX(Avg!$H$2:$H$50,MATCH(DATE(YEAR(A8),MONTH(A8),1),Avg!$A$2:$A$50,0)),"")} -> 7.2415013 | K8: {=IFERROR(INDEX(Avg!$I$2:$I$50,MATCH(DATE(YEAR(A8),MONTH(A8),1),Avg!$A$2:$A$50,0)),"")} -> 7.3484908 | L8: {=IFERROR(INDEX(Avg!$L$2:$L$50,MATCH(DATE(YEAR(A8),MONTH(A8),1),Avg!$A$2:$A$50,0)),"")} -> 30.34064 | M8: {=IFERROR(INDEX(Avg!$M$2:$M$50,MATCH(DATE(YEAR(A8),MONTH(A8),1),Avg!$A$2:$A$50,0)),"")} -> 26.568873 | N8: {=IFERROR(INDEX(Avg!$N$2:$N$50,MATCH(DATE(YEAR(A8),MONTH(A8),1),Avg!$A$2:$A$50,0)),"")} -> 6.6296059 | O8: {=IFERROR(INDEX(Avg!$O$2:$O$50,MATCH(DATE(YEAR(A8),MONTH(A8),1),Avg!$A$2:$A$50,0)),"")} -> 7.1756943
A9: 2025-12-13 | B9: 2025-12-01 | C9: NewImage commissioned by Business capital | D9: =IF(SUMPRODUCT((Data!$D$2:$D$2277=A9)*(Data!$E$2:$E$2277=C9)*(Data!$M$2:$M$2277="Vladimir Zelenskiy"))>0,SUMPRODUCT((Data!$D$2:$D$2277=A9)*(Data!$E$2:$E$2277=C9)*(Data!$M$2:$M$2277="Vladimir Zelenskiy")*IF(ISNUMBER(Data!$W$2:$W$2277),Data!$W$2:$W$2277,0))/SUMPRODUCT((Data!$D$2:$D$2277=A9)*(Data!$E$2:$E$2277=C9)*(Data!$M$2:$M$2277="Vladimir Zelenskiy")),"") -> 33.4 | E9: =IF(SUMPRODUCT((Data!$D$2:$D$2277=A9)*(Data!$E$2:$E$2277=C9)*(Data!$M$2:$M$2277="Valerii Zaluzhniy"))>0,SUMPRODUCT((Data!$D$2:$D$2277=A9)*(Data!$E$2:$E$2277=C9)*(Data!$M$2:$M$2277="Valerii Zaluzhniy")*IF(ISNUMBER(Data!$W$2:$W$2277),Data!$W$2:$W$2277,0))/SUMPRODUCT((Data!$D$2:$D$2277=A9)*(Data!$E$2:$E$2277=C9)*(Data!$M$2:$M$2277="Valerii Zaluzhniy")),"") -> 26 | F9: =IF(SUMPRODUCT((Data!$D$2:$D$2277=A9)*(Data!$E$2:$E$2277=C9)*(Data!$M$2:$M$2277="Kyrylo Budanov"))>0,SUMPRODUCT((Data!$D$2:$D$2277=A9)*(Data!$E$2:$E$2277=C9)*(Data!$M$2:$M$2277="Kyrylo Budanov")*IF(ISNUMBER(Data!$W$2:$W$2277),Data!$W$2:$W$2277,0))/SUMPRODUCT((Data!$D$2:$D$2277=A9)*(Data!$E$2:$E$2277=C9)*(Data!$M$2:$M$2277="Kyrylo Budanov")),"") -> 4.8 | G9: =IF(SUMPRODUCT((Data!$D$2:$D$2277=A9)*(Data!$E$2:$E$2277=C9)*(Data!$M$2:$M$2277="Pyotr Poroshenko"))>0,SUMPRODUCT((Data!$D$2:$D$2277=A9)*(Data!$E$2:$E$2277=C9)*(Data!$M$2:$M$2277="Pyotr Poroshenko")*IF(ISNUMBER(Data!$W$2:$W$2277),Data!$W$2:$W$2277,0))/SUMPRODUCT((Data!$D$2:$D$2277=A9)*(Data!$E$2:$E$2277=C9)*(Data!$M$2:$M$2277="Pyotr Poroshenko")),"") -> 9.2 | H9: {=IFERROR(INDEX(Avg!$F$2:$F$50,MATCH(DATE(YEAR(A9),MONTH(A9),1),Avg!$A$2:$A$50,0)),"")} -> 29.225304 | I9: {=IFERROR(INDEX(Avg!$G$2:$G$50,MATCH(DATE(YEAR(A9),MONTH(A9),1),Avg!$A$2:$A$50,0)),"")} -> 26.319344 | J9: {=IFERROR(INDEX(Avg!$H$2:$H$50,MATCH(DATE(YEAR(A9),MONTH(A9),1),Avg!$A$2:$A$50,0)),"")} -> 7.2415013 | K9: {=IFERROR(INDEX(Avg!$I$2:$I$50,MATCH(DATE(YEAR(A9),MONTH(A9),1),Avg!$A$2:$A$50,0)),"")} -> 7.3484908 | L9: {=IFERROR(INDEX(Avg!$L$2:$L$50,MATCH(DATE(YEAR(A9),MONTH(A9),1),Avg!$A$2:$A$50,0)),"")} -> 30.34064 | M9: {=IFERROR(INDEX(Avg!$M$2:$M$50,MATCH(DATE(YEAR(A9),MONTH(A9),1),Avg!$A$2:$A$50,0)),"")} -> 26.568873 | N9: {=IFERROR(INDEX(Avg!$N$2:$N$50,MATCH(DATE(YEAR(A9),MONTH(A9),1),Avg!$A$2:$A$50,0)),"")} -> 6.6296059 | O9: {=IFERROR(INDEX(Avg!$O$2:$O$50,MATCH(DATE(YEAR(A9),MONTH(A9),1),Avg!$A$2:$A$50,0)),"")} -> 7.1756943
A10: 2025-12-09 | B10: 2025-11-01 | C10: Info Sapiens | D10: =IF(SUMPRODUCT((Data!$D$2:$D$2277=A10)*(Data!$E$2:$E$2277=C10)*(Data!$M$2:$M$2277="Vladimir Zelenskiy"))>0,SUMPRODUCT((Data!$D$2:$D$2277=A10)*(Data!$E$2:$E$2277=C10)*(Data!$M$2:$M$2277="Vladimir Zelenskiy")*IF(ISNUMBER(Data!$W$2:$W$2277),Data!$W$2:$W$2277,0))/SUMPRODUCT((Data!$D$2:$D$2277=A10)*(Data!$E$2:$E$2277=C10)*(Data!$M$2:$M$2277="Vladimir Zelenskiy")),"") -> 26.025641 | E10: =IF(SUMPRODUCT((Data!$D$2:$D$2277=A10)*(Data!$E$2:$E$2277=C10)*(Data!$M$2:$M$2277="Valerii Zaluzhniy"))>0,SUMPRODUCT((Data!$D$2:$D$2277=A10)*(Data!$E$2:$E$2277=C10)*(Data!$M$2:$M$2277="Valerii Zaluzhniy")*IF(ISNUMBER(Data!$W$2:$W$2277),Data!$W$2:$W$2277,0))/SUMPRODUCT((Data!$D$2:$D$2277=A10)*(Data!$E$2:$E$2277=C10)*(Data!$M$2:$M$2277="Valerii Zaluzhniy")),"") -> 24.487179 | F10: =IF(SUMPRODUCT((Data!$D$2:$D$2277=A10)*(Data!$E$2:$E$2277=C10)*(Data!$M$2:$M$2277="Kyrylo Budanov"))>0,SUMPRODUCT((Data!$D$2:$D$2277=A10)*(Data!$E$2:$E$2277=C10)*(Data!$M$2:$M$2277="Kyrylo Budanov")*IF(ISNUMBER(Data!$W$2:$W$2277),Data!$W$2:$W$2277,0))/SUMPRODUCT((Data!$D$2:$D$2277=A10)*(Data!$E$2:$E$2277=C10)*(Data!$M$2:$M$2277="Kyrylo Budanov")),"") -> 6.5384615 | G10: =IF(SUMPRODUCT((Data!$D$2:$D$2277=A10)*(Data!$E$2:$E$2277=C10)*(Data!$M$2:$M$2277="Pyotr Poroshenko"))>0,SUMPRODUCT((Data!$D$2:$D$2277=A10)*(Data!$E$2:$E$2277=C10)*(Data!$M$2:$M$2277="Pyotr Poroshenko")*IF(ISNUMBER(Data!$W$2:$W$2277),Data!$W$2:$W$2277,0))/SUMPRODUCT((Data!$D$2:$D$2277=A10)*(Data!$E$2:$E$2277=C10)*(Data!$M$2:$M$2277="Pyotr Poroshenko")),"") -> 5.8974359 | H10: {=IFERROR(INDEX(Avg!$F$2:$F$50,MATCH(DATE(YEAR(A10),MONTH(A10),1),Avg!$A$2:$A$50,0)),"")} -> 29.225304 | I10: {=IFERROR(INDEX(Avg!$G$2:$G$50,MATCH(DATE(YEAR(A10),MONTH(A10),1),Avg!$A$2:$A$50,0)),"")} -> 26.319344 | J10: {=IFERROR(INDEX(Avg!$H$2:$H$50,MATCH(DATE(YEAR(A10),MONTH(A10),1),Avg!$A$2:$A$50,0)),"")} -> 7.2415013 | K10: {=IFERROR(INDEX(Avg!$I$2:$I$50,MATCH(DATE(YEAR(A10),MONTH(A10),1),Avg!$A$2:$A$50,0)),"")} -> 7.3484908 | L10: {=IFERROR(INDEX(Avg!$L$2:$L$50,MATCH(DATE(YEAR(A10),MONTH(A10),1),Avg!$A$2:$A$50,0)),"")} -> 30.34064 | M10: {=IFERROR(INDEX(Avg!$M$2:$M$50,MATCH(DATE(YEAR(A10),MONTH(A10),1),Avg!$A$2:$A$50,0)),"")} -> 26.568873 | N10: {=IFERROR(INDEX(Avg!$N$2:$N$50,MATCH(DATE(YEAR(A10),MONTH(A10),1),Avg!$A$2:$A$50,0)),"")} -> 6.6296059 | O10: {=IFERROR(INDEX(Avg!$O$2:$O$50,MATCH(DATE(YEAR(A10),MONTH(A10),1),Avg!$A$2:$A$50,0)),"")} -> 7.1756943
A11: 2025-11-01 | B11: 2025-10-01 | C11: Info Sapiens | D11: =IF(SUMPRODUCT((Data!$D$2:$D$2277=A11)*(Data!$E$2:$E$2277=C11)*(Data!$M$2:$M$2277="Vladimir Zelenskiy"))>0,SUMPRODUCT((Data!$D$2:$D$2277=A11)*(Data!$E$2:$E$2277=C11)*(Data!$M$2:$M$2277="Vladimir Zelenskiy")*IF(ISNUMBER(Data!$W$2:$W$2277),Data!$W$2:$W$2277,0))/SUMPRODUCT((Data!$D$2:$D$2277=A11)*(Data!$E$2:$E$2277=C11)*(Data!$M$2:$M$2277="Vladimir Zelenskiy")),"") -> 31.153846 | E11: =IF(SUMPRODUCT((Data!$D$2:$D$2277=A11)*(Data!$E$2:$E$2277=C11)*(Data!$M$2:$M$2277="Valerii Zaluzhniy"))>0,SUMPRODUCT((Data!$D$2:$D$2277=A11)*(Data!$E$2:$E$2277=C11)*(Data!$M$2:$M$2277="Valerii Zaluzhniy")*IF(ISNUMBER(Data!$W$2:$W$2277),Data!$W$2:$W$2277,0))/SUMPRODUCT((Data!$D$2:$D$2277=A11)*(Data!$E$2:$E$2277=C11)*(Data!$M$2:$M$2277="Valerii Zaluzhniy")),"") -> 21.025641 | F11: =IF(SUMPRODUCT((Data!$D$2:$D$2277=A11)*(Data!$E$2:$E$2277=C11)*(Data!$M$2:$M$2277="Kyrylo Budanov"))>0,SUMPRODUCT((Data!$D$2:$D$2277=A11)*(Data!$E$2:$E$2277=C11)*(Data!$M$2:$M$2277="Kyrylo Budanov")*IF(ISNUMBER(Data!$W$2:$W$2277),Data!$W$2:$W$2277,0))/SUMPRODUCT((Data!$D$2:$D$2277=A11)*(Data!$E$2:$E$2277=C11)*(Data!$M$2:$M$2277="Kyrylo Budanov")),"") -> 6.025641 | G11: =IF(SUMPRODUCT((Data!$D$2:$D$2277=A11)*(Data!$E$2:$E$2277=C11)*(Data!$M$2:$M$2277="Pyotr Poroshenko"))>0,SUMPRODUCT((Data!$D$2:$D$2277=A11)*(Data!$E$2:$E$2277=C11)*(Data!$M$2:$M$2277="Pyotr Poroshenko")*IF(ISNUMBER(Data!$W$2:$W$2277),Data!$W$2:$W$2277,0))/SUMPRODUCT((Data!$D$2:$D$2277=A11)*(Data!$E$2:$E$2277=C11)*(Data!$M$2:$M$2277="Pyotr Poroshenko")),"") -> 5.8974359 | H11: {=IFERROR(INDEX(Avg!$F$2:$F$50,MATCH(DATE(YEAR(A11),MONTH(A11),1),Avg!$A$2:$A$50,0)),"")} -> 31.214833 | I11: {=IFERROR(INDEX(Avg!$G$2:$G$50,MATCH(DATE(YEAR(A11),MONTH(A11),1),Avg!$A$2:$A$50,0)),"")} -> 26.447754 | J11: {=IFERROR(INDEX(Avg!$H$2:$H$50,MATCH(DATE(YEAR(A11),MONTH(A11),1),Avg!$A$2:$A$50,0)),"")} -> 5.8645122 | K11: {=IFERROR(INDEX(Avg!$I$2:$I$50,MATCH(DATE(YEAR(A11),MONTH(A11),1),Avg!$A$2:$A$50,0)),"")} -> 6.9018531 | L11: {=IFERROR(INDEX(Avg!$L$2:$L$50,MATCH(DATE(YEAR(A11),MONTH(A11),1),Avg!$A$2:$A$50,0)),"")} -> 32.560707 | M11: {=IFERROR(INDEX(Avg!$M$2:$M$50,MATCH(DATE(YEAR(A11),MONTH(A11),1),Avg!$A$2:$A$50,0)),"")} -> 27.482469 | N11: {=IFERROR(INDEX(Avg!$N$2:$N$50,MATCH(DATE(YEAR(A11),MONTH(A11),1),Avg!$A$2:$A$50,0)),"")} -> 5.9462867 | O11: {=IFERROR(INDEX(Avg!$O$2:$O$50,MATCH(DATE(YEAR(A11),MONTH(A11),1),Avg!$A$2:$A$50,0)),"")} -> 7.0419983
A12: 2025-11-21 | B12: 2025-10-01 | C12: SOCIS | D12: =IF(SUMPRODUCT((Data!$D$2:$D$2277=A12)*(Data!$E$2:$E$2277=C12)*(Data!$M$2:$M$2277="Vladimir Zelenskiy"))>0,SUMPRODUCT((Data!$D$2:$D$2277=A12)*(Data!$E$2:$E$2277=C12)*(Data!$M$2:$M$2277="Vladimir Zelenskiy")*IF(ISNUMBER(Data!$W$2:$W$2277),Data!$W$2:$W$2277,0))/SUMPRODUCT((Data!$D$2:$D$2277=A12)*(Data!$E$2:$E$2277=C12)*(Data!$M$2:$M$2277="Vladimir Zelenskiy")),"") -> 30.1 | E12: =IF(SUMPRODUCT((Data!$D$2:$D$2277=A12)*(Data!$E$2:$E$2277=C12)*(Data!$M$2:$M$2277="Valerii Zaluzhniy"))>0,SUMPRODUCT((Data!$D$2:$D$2277=A12)*(Data!$E$2:$E$2277=C12)*(Data!$M$2:$M$2277="Valerii Zaluzhniy")*IF(ISNUMBER(Data!$W$2:$W$2277),Data!$W$2:$W$2277,0))/SUMPRODUCT((Data!$D$2:$D$2277=A12)*(Data!$E$2:$E$2277=C12)*(Data!$M$2:$M$2277="Valerii Zaluzhniy")),"") -> 28.9 | F12: =IF(SUMPRODUCT((Data!$D$2:$D$2277=A12)*(Data!$E$2:$E$2277=C12)*(Data!$M$2:$M$2277="Kyrylo Budanov"))>0,SUMPRODUCT((Data!$D$2:$D$2277=A12)*(Data!$E$2:$E$2277=C12)*(Data!$M$2:$M$2277="Kyrylo Budanov")*IF(ISNUMBER(Data!$W$2:$W$2277),Data!$W$2:$W$2277,0))/SUMPRODUCT((Data!$D$2:$D$2277=A12)*(Data!$E$2:$E$2277=C12)*(Data!$M$2:$M$2277="Kyrylo Budanov")),"") -> 5 | G12: =IF(SUMPRODUCT((Data!$D$2:$D$2277=A12)*(Data!$E$2:$E$2277=C12)*(Data!$M$2:$M$2277="Pyotr Poroshenko"))>0,SUMPRODUCT((Data!$D$2:$D$2277=A12)*(Data!$E$2:$E$2277=C12)*(Data!$M$2:$M$2277="Pyotr Poroshenko")*IF(ISNUMBER(Data!$W$2:$W$2277),Data!$W$2:$W$2277,0))/SUMPRODUCT((Data!$D$2:$D$2277=A12)*(Data!$E$2:$E$2277=C12)*(Data!$M$2:$M$2277="Pyotr Poroshenko")),"") -> 7.2 | H12: {=IFERROR(INDEX(Avg!$F$2:$F$50,MATCH(DATE(YEAR(A12),MONTH(A12),1),Avg!$A$2:$A$50,0)),"")} -> 31.214833 | I12: {=IFERROR(INDEX(Avg!$G$2:$G$50,MATCH(DATE(YEAR(A12),MONTH(A12),1),Avg!$A$2:$A$50,0)),"")} -> 26.447754 | J12: {=IFERROR(INDEX(Avg!$H$2:$H$50,MATCH(DATE(YEAR(A12),MONTH(A12),1),Avg!$A$2:$A$50,0)),"")} -> 5.8645122 | K12: {=IFERROR(INDEX(Avg!$I$2:$I$50,MATCH(DATE(YEAR(A12),MONTH(A12),1),Avg!$A$2:$A$50,0)),"")} -> 6.9018531 | L12: {=IFERROR(INDEX(Avg!$L$2:$L$50,MATCH(DATE(YEAR(A12),MONTH(A12),1),Avg!$A$2:$A$50,0)),"")} -> 32.560707 | M12: {=IFERROR(INDEX(Avg!$M$2:$M$50,MATCH(DATE(YEAR(A12),MONTH(A12),1),Avg!$A$2:$A$50,0)),"")} -> 27.482469 | N12: {=IFERROR(INDEX(Avg!$N$2:$N$50,MATCH(DATE(YEAR(A12),MONTH(A12),1),Avg!$A$2:$A$50,0)),"")} -> 5.9462867 | O12: {=IFERROR(INDEX(Avg!$O$2:$O$50,MATCH(DATE(YEAR(A12),MONTH(A12),1),Avg!$A$2:$A$50,0)),"")} -> 7.0419983
A13: 2025-10-13 | B13: 2025-10-01 | C13: Rate 1 research commissioned by American Political Services, LLC | D13: =IF(SUMPRODUCT((Data!$D$2:$D$2277=A13)*(Data!$E$2:$E$2277=C13)*(Data!$M$2:$M$2277="Vladimir Zelenskiy"))>0,SUMPRODUCT((Data!$D$2:$D$2277=A13)*(Data!$E$2:$E$2277=C13)*(Data!$M$2:$M$2277="Vladimir Zelenskiy")*IF(ISNUMBER(Data!$W$2:$W$2277),Data!$W$2:$W$2277,0))/SUMPRODUCT((Data!$D$2:$D$2277=A13)*(Data!$E$2:$E$2277=C13)*(Data!$M$2:$M$2277="Vladimir Zelenskiy")),"") -> 30.3 | E13: =IF(SUMPRODUCT((Data!$D$2:$D$2277=A13)*(Data!$E$2:$E$2277=C13)*(Data!$M$2:$M$2277="Valerii Zaluzhniy"))>0,SUMPRODUCT((Data!$D$2:$D$2277=A13)*(Data!$E$2:$E$2277=C13)*(Data!$M$2:$M$2277="Valerii Zaluzhniy")*IF(ISNUMBER(Data!$W$2:$W$2277),Data!$W$2:$W$2277,0))/SUMPRODUCT((Data!$D$2:$D$2277=A13)*(Data!$E$2:$E$2277=C13)*(Data!$M$2:$M$2277="Valerii Zaluzhniy")),"") -> 28.5 | F13: =IF(SUMPRODUCT((Data!$D$2:$D$2277=A13)*(Data!$E$2:$E$2277=C13)*(Data!$M$2:$M$2277="Kyrylo Budanov"))>0,SUMPRODUCT((Data!$D$2:$D$2277=A13)*(Data!$E$2:$E$2277=C13)*(Data!$M$2:$M$2277="Kyrylo Budanov")*IF(ISNUMBER(Data!$W$2:$W$2277),Data!$W$2:$W$2277,0))/SUMPRODUCT((Data!$D$2:$D$2277=A13)*(Data!$E$2:$E$2277=C13)*(Data!$M$2:$M$2277="Kyrylo Budanov")),"") -> 10.1 | G13: =IF(SUMPRODUCT((Data!$D$2:$D$2277=A13)*(Data!$E$2:$E$2277=C13)*(Data!$M$2:$M$2277="Pyotr Poroshenko"))>0,SUMPRODUCT((Data!$D$2:$D$2277=A13)*(Data!$E$2:$E$2277=C13)*(Data!$M$2:$M$2277="Pyotr Poroshenko")*IF(ISNUMBER(Data!$W$2:$W$2277),Data!$W$2:$W$2277,0))/SUMPRODUCT((Data!$D$2:$D$2277=A13)*(Data!$E$2:$E$2277=C13)*(Data!$M$2:$M$2277="Pyotr Poroshenko")),"") -> 7.6 | H13: {=IFERROR(INDEX(Avg!$F$2:$F$50,MATCH(DATE(YEAR(A13),MONTH(A13),1),Avg!$A$2:$A$50,0)),"")} -> 31.938266 | I13: {=IFERROR(INDEX(Avg!$G$2:$G$50,MATCH(DATE(YEAR(A13),MONTH(A13),1),Avg!$A$2:$A$50,0)),"")} -> 27.559697 | J13: {=IFERROR(INDEX(Avg!$H$2:$H$50,MATCH(DATE(YEAR(A13),MONTH(A13),1),Avg!$A$2:$A$50,0)),"")} -> 6.3241068 | K13: {=IFERROR(INDEX(Avg!$I$2:$I$50,MATCH(DATE(YEAR(A13),MONTH(A13),1),Avg!$A$2:$A$50,0)),"")} -> 7.2049874 | L13: {=IFERROR(INDEX(Avg!$L$2:$L$50,MATCH(DATE(YEAR(A13),MONTH(A13),1),Avg!$A$2:$A$50,0)),"")} -> 34.890738 | M13: {=IFERROR(INDEX(Avg!$M$2:$M$50,MATCH(DATE(YEAR(A13),MONTH(A13),1),Avg!$A$2:$A$50,0)),"")} -> 28.995927 | N13: {=IFERROR(INDEX(Avg!$N$2:$N$50,MATCH(DATE(YEAR(A13),MONTH(A13),1),Avg!$A$2:$A$50,0)),"")} -> 5.8800383 | O13: {=IFERROR(INDEX(Avg!$O$2:$O$50,MATCH(DATE(YEAR(A13),MONTH(A13),1),Avg!$A$2:$A$50,0)),"")} -> 7.1707217
... A207: 2019-04-01 | B207: 2019-03-01 | C207: OPORA | D207: =IF(SUMPRODUCT((Data!$D$2:$D$2277=A207)*(Data!$E$2:$E$2277=C207)*(Data!$M$2:$M$2277="Vladimir Zelenskiy"))>0,SUMPRODUCT((Data!$D$2:$D$2277=A207)*(Data!$E$2:$E$2277=C207)*(Data!$M$2:$M$2277="Vladimir Zelenskiy")*IF(ISNUMBER(Data!$W$2:$W$2277),Data!$W$2:$W$2277,0))/SUMPRODUCT((Data!$D$2:$D$2277=A207)*(Data!$E$2:$E$2277=C207)*(Data!$M$2:$M$2277="Vladimir Zelenskiy")),"") -> 30.1 | E207: =IF(SUMPRODUCT((Data!$D$2:$D$2277=A207)*(Data!$E$2:$E$2277=C207)*(Data!$M$2:$M$2277="Valerii Zaluzhniy"))>0,SUMPRODUCT((Data!$D$2:$D$2277=A207)*(Data!$E$2:$E$2277=C207)*(Data!$M$2:$M$2277="Valerii Zaluzhniy")*IF(ISNUMBER(Data!$W$2:$W$2277),Data!$W$2:$W$2277,0))/SUMPRODUCT((Data!$D$2:$D$2277=A207)*(Data!$E$2:$E$2277=C207)*(Data!$M$2:$M$2277="Valerii Zaluzhniy")),"") | F207: =IF(SUMPRODUCT((Data!$D$2:$D$2277=A207)*(Data!$E$2:$E$2277=C207)*(Data!$M$2:$M$2277="Kyrylo Budanov"))>0,SUMPRODUCT((Data!$D$2:$D$2277=A207)*(Data!$E$2:$E$2277=C207)*(Data!$M$2:$M$2277="Kyrylo Budanov")*IF(ISNUMBER(Data!$W$2:$W$2277),Data!$W$2:$W$2277,0))/SUMPRODUCT((Data!$D$2:$D$2277=A207)*(Data!$E$2:$E$2277=C207)*(Data!$M$2:$M$2277="Kyrylo Budanov")),"") | G207: =IF(SUMPRODUCT((Data!$D$2:$D$2277=A207)*(Data!$E$2:$E$2277=C207)*(Data!$M$2:$M$2277="Pyotr Poroshenko"))>0,SUMPRODUCT((Data!$D$2:$D$2277=A207)*(Data!$E$2:$E$2277=C207)*(Data!$M$2:$M$2277="Pyotr Poroshenko")*IF(ISNUMBER(Data!$W$2:$W$2277),Data!$W$2:$W$2277,0))/SUMPRODUCT((Data!$D$2:$D$2277=A207)*(Data!$E$2:$E$2277=C207)*(Data!$M$2:$M$2277="Pyotr Poroshenko")),"") -> 15.7 | H207: {=IFERROR(INDEX(Avg!$F$2:$F$50,MATCH(DATE(YEAR(A207),MONTH(A207),1),Avg!$A$2:$A$50,0)),"")} | I207: {=IFERROR(INDEX(Avg!$G$2:$G$50,MATCH(DATE(YEAR(A207),MONTH(A207),1),Avg!$A$2:$A$50,0)),"")} | J207: {=IFERROR(INDEX(Avg!$H$2:$H$50,MATCH(DATE(YEAR(A207),MONTH(A207),1),Avg!$A$2:$A$50,0)),"")} | K207: {=IFERROR(INDEX(Avg!$I$2:$I$50,MATCH(DATE(YEAR(A207),MONTH(A207),1),Avg!$A$2:$A$50,0)),"")} | L207: {=IFERROR(INDEX(Avg!$L$2:$L$50,MATCH(DATE(YEAR(A207),MONTH(A207),1),Avg!$A$2:$A$50,0)),"")} | M207: {=IFERROR(INDEX(Avg!$M$2:$M$50,MATCH(DATE(YEAR(A207),MONTH(A207),1),Avg!$A$2:$A$50,0)),"")} | N207: {=IFERROR(INDEX(Avg!$N$2:$N$50,MATCH(DATE(YEAR(A207),MONTH(A207),1),Avg!$A$2:$A$50,0)),"")} | O207: {=IFERROR(INDEX(Avg!$O$2:$O$50,MATCH(DATE(YEAR(A207),MONTH(A207),1),Avg!$A$2:$A$50,0)),"")}

Sheet Data
A1: row_id | B1: poll_id | C1: poll_url | D1: publication_date | E1: pollster | F1: poll_region | G1: time_frame_start | H1: time_frame_end | I1: number_of_respondents | J1: sampling_error_pct | K1: polling_method | L1: rating_scope | M1: candidate | N1: percent | O1: year_month | P1: method_weight | Q1: precision_weight | R1: obs_weight | S1: recency_weight | T1: flood_weight | U1: final_weight | V1: scope_factor | W1: normalised_percent
A2: 2241:Vladimir Zelenskiy | B2: 2241 | C2: https://ukraine-elections.com.ua/en/socopros/opinion_poll_show/2241 | D2: 2026-03-26 | E2: SOCIS | F2: Ukraine | G2: 2026-03-12 | H2: 2026-03-18 | I2: 1204 | J2: 2.5 | K2: CATI - computer-assisted telephone interviews | L2: Among those who will vote and have made their choice | M2: Vladimir Zelenskiy | N2: 29.3 | O2: =DATE(YEAR(D2),MONTH(D2),1) -> 46082 | P2: =IFERROR(VLOOKUP(K2,Formula!$A$11:$B$20,2,FALSE),Formula!$C$26) -> 0.9 | Q2: =IF(AND(ISNUMBER(J2),J2>0),1/J2,IF(AND(ISNUMBER(I2),I2>0),SQRT(MIN(I2,Formula!$C$27))/Formula!$C$24,1/Formula!$C$25)) -> 0.4 | R2: =P2*Q2 -> 0.36 | S2: =IF(H2<>"",EXP(-Formula!$C$28*(EOMONTH(H2,0)-H2)),EXP(-Formula!$C$28*(EOMONTH(D2,0)-D2))) -> 0.52204578 | T2: =IFERROR(SQRT(1/COUNTIFS($E$2:$E$2277,E2,$O$2:$O$2277,O2)),1) -> 0.28867513 | U2: =P2*Q2*S2*T2 -> 0.054252589 | V2: =IF(AND(L2="Among all respondents",NOT(OR(K2="Online poll in Telegram channel",K2="Website online poll",K2="CAWI (Computer Assisted Web Interviewing)"))),1/(1-MIN(MAX(Formula!$C$33+(YEAR(D2)-Formula!$C$34)/(Formula!$C$35-Formula!$C$34)*(Formula!$C$32-Formula!$C$33),Formula!$C$33),Formula!$C$32)),1) -> 1 | W2: =IF(ISNUMBER(N2),N2*V2,"") -> 29.3
A3: 2241:Valerii Zaluzhniy | B3: 2241 | C3: https://ukraine-elections.com.ua/en/socopros/opinion_poll_show/2241 | D3: 2026-03-26 | E3: SOCIS | F3: Ukraine | G3: 2026-03-12 | H3: 2026-03-18 | I3: 1204 | J3: 2.5 | K3: CATI - computer-assisted telephone interviews | L3: Among those who will vote and have made their choice | M3: Valerii Zaluzhniy | N3: 25 | O3: =DATE(YEAR(D3),MONTH(D3),1) -> 46082 | P3: =IFERROR(VLOOKUP(K3,Formula!$A$11:$B$20,2,FALSE),Formula!$C$26) -> 0.9 | Q3: =IF(AND(ISNUMBER(J3),J3>0),1/J3,IF(AND(ISNUMBER(I3),I3>0),SQRT(MIN(I3,Formula!$C$27))/Formula!$C$24,1/Formula!$C$25)) -> 0.4 | R3: =P3*Q3 -> 0.36 | S3: =IF(H3<>"",EXP(-Formula!$C$28*(EOMONTH(H3,0)-H3)),EXP(-Formula!$C$28*(EOMONTH(D3,0)-D3))) -> 0.52204578 | T3: =IFERROR(SQRT(1/COUNTIFS($E$2:$E$2277,E3,$O$2:$O$2277,O3)),1) -> 0.28867513 | U3: =P3*Q3*S3*T3 -> 0.054252589 | V3: =IF(AND(L3="Among all respondents",NOT(OR(K3="Online poll in Telegram channel",K3="Website online poll",K3="CAWI (Computer Assisted Web Interviewing)"))),1/(1-MIN(MAX(Formula!$C$33+(YEAR(D3)-Formula!$C$34)/(Formula!$C$35-Formula!$C$34)*(Formula!$C$32-Formula!$C$33),Formula!$C$33),Formula!$C$32)),1) -> 1 | W3: =IF(ISNUMBER(N3),N3*V3,"") -> 25
A4: 2241:Kyrylo Budanov | B4: 2241 | C4: https://ukraine-elections.com.ua/en/socopros/opinion_poll_show/2241 | D4: 2026-03-26 | E4: SOCIS | F4: Ukraine | G4: 2026-03-12 | H4: 2026-03-18 | I4: 1204 | J4: 2.5 | K4: CATI - computer-assisted telephone interviews | L4: Among those who will vote and have made their choice | M4: Kyrylo Budanov | N4: 13.7 | O4: =DATE(YEAR(D4),MONTH(D4),1) -> 46082 | P4: =IFERROR(VLOOKUP(K4,Formula!$A$11:$B$20,2,FALSE),Formula!$C$26) -> 0.9 | Q4: =IF(AND(ISNUMBER(J4),J4>0),1/J4,IF(AND(ISNUMBER(I4),I4>0),SQRT(MIN(I4,Formula!$C$27))/Formula!$C$24,1/Formula!$C$25)) -> 0.4 | R4: =P4*Q4 -> 0.36 | S4: =IF(H4<>"",EXP(-Formula!$C$28*(EOMONTH(H4,0)-H4)),EXP(-Formula!$C$28*(EOMONTH(D4,0)-D4))) -> 0.52204578 | T4: =IFERROR(SQRT(1/COUNTIFS($E$2:$E$2277,E4,$O$2:$O$2277,O4)),1) -> 0.28867513 | U4: =P4*Q4*S4*T4 -> 0.054252589 | V4: =IF(AND(L4="Among all respondents",NOT(OR(K4="Online poll in Telegram channel",K4="Website online poll",K4="CAWI (Computer Assisted Web Interviewing)"))),1/(1-MIN(MAX(Formula!$C$33+(YEAR(D4)-Formula!$C$34)/(Formula!$C$35-Formula!$C$34)*(Formula!$C$32-Formula!$C$33),Formula!$C$33),Formula!$C$32)),1) -> 1 | W4: =IF(ISNUMBER(N4),N4*V4,"") -> 13.7
A5: 2241:Pyotr Poroshenko | B5: 2241 | C5: https://ukraine-elections.com.ua/en/socopros/opinion_poll_show/2241 | D5: 2026-03-26 | E5: SOCIS | F5: Ukraine | G5: 2026-03-12 | H5: 2026-03-18 | I5: 1204 | J5: 2.5 | K5: CATI - computer-assisted telephone interviews | L5: Among those who will vote and have made their choice | M5: Pyotr Poroshenko | N5: 7.4 | O5: =DATE(YEAR(D5),MONTH(D5),1) -> 46082 | P5: =IFERROR(VLOOKUP(K5,Formula!$A$11:$B$20,2,FALSE),Formula!$C$26) -> 0.9 | Q5: =IF(AND(ISNUMBER(J5),J5>0),1/J5,IF(AND(ISNUMBER(I5),I5>0),SQRT(MIN(I5,Formula!$C$27))/Formula!$C$24,1/Formula!$C$25)) -> 0.4 | R5: =P5*Q5 -> 0.36 | S5: =IF(H5<>"",EXP(-Formula!$C$28*(EOMONTH(H5,0)-H5)),EXP(-Formula!$C$28*(EOMONTH(D5,0)-D5))) -> 0.52204578 | T5: =IFERROR(SQRT(1/COUNTIFS($E$2:$E$2277,E5,$O$2:$O$2277,O5)),1) -> 0.28867513 | U5: =P5*Q5*S5*T5 -> 0.054252589 | V5: =IF(AND(L5="Among all respondents",NOT(OR(K5="Online poll in Telegram channel",K5="Website online poll",K5="CAWI (Computer Assisted Web Interviewing)"))),1/(1-MIN(MAX(Formula!$C$33+(YEAR(D5)-Formula!$C$34)/(Formula!$C$35-Formula!$C$34)*(Formula!$C$32-Formula!$C$33),Formula!$C$33),Formula!$C$32)),1) -> 1 | W5: =IF(ISNUMBER(N5),N5*V5,"") -> 7.4
A6: 2241:Igor Terehov | B6: 2241 | C6: https://ukraine-elections.com.ua/en/socopros/opinion_poll_show/2241 | D6: 2026-03-26 | E6: SOCIS | F6: Ukraine | G6: 2026-03-12 | H6: 2026-03-18 | I6: 1204 | J6: 2.5 | K6: CATI - computer-assisted telephone interviews | L6: Among those who will vote and have made their choice | M6: Igor Terehov | N6: 4.4 | O6: =DATE(YEAR(D6),MONTH(D6),1) -> 46082 | P6: =IFERROR(VLOOKUP(K6,Formula!$A$11:$B$20,2,FALSE),Formula!$C$26) -> 0.9 | Q6: =IF(AND(ISNUMBER(J6),J6>0),1/J6,IF(AND(ISNUMBER(I6),I6>0),SQRT(MIN(I6,Formula!$C$27))/Formula!$C$24,1/Formula!$C$25)) -> 0.4 | R6: =P6*Q6 -> 0.36 | S6: =IF(H6<>"",EXP(-Formula!$C$28*(EOMONTH(H6,0)-H6)),EXP(-Formula!$C$28*(EOMONTH(D6,0)-D6))) -> 0.52204578 | T6: =IFERROR(SQRT(1/COUNTIFS($E$2:$E$2277,E6,$O$2:$O$2277,O6)),1) -> 0.28867513 | U6: =P6*Q6*S6*T6 -> 0.054252589 | V6: =IF(AND(L6="Among all respondents",NOT(OR(K6="Online poll in Telegram channel",K6="Website online poll",K6="CAWI (Computer Assisted Web Interviewing)"))),1/(1-MIN(MAX(Formula!$C$33+(YEAR(D6)-Formula!$C$34)/(Formula!$C$35-Formula!$C$34)*(Formula!$C$32-Formula!$C$33),Formula!$C$33),Formula!$C$32)),1) -> 1 | W6: =IF(ISNUMBER(N6),N6*V6,"") -> 4.4
A7: 2241:Dmitriy Razumkov | B7: 2241 | C7: https://ukraine-elections.com.ua/en/socopros/opinion_poll_show/2241 | D7: 2026-03-26 | E7: SOCIS | F7: Ukraine | G7: 2026-03-12 | H7: 2026-03-18 | I7: 1204 | J7: 2.5 | K7: CATI - computer-assisted telephone interviews | L7: Among those who will vote and have made their choice | M7: Dmitriy Razumkov | N7: 4.3 | O7: =DATE(YEAR(D7),MONTH(D7),1) -> 46082 | P7: =IFERROR(VLOOKUP(K7,Formula!$A$11:$B$20,2,FALSE),Formula!$C$26) -> 0.9 | Q7: =IF(AND(ISNUMBER(J7),J7>0),1/J7,IF(AND(ISNUMBER(I7),I7>0),SQRT(MIN(I7,Formula!$C$27))/Formula!$C$24,1/Formula!$C$25)) -> 0.4 | R7: =P7*Q7 -> 0.36 | S7: =IF(H7<>"",EXP(-Formula!$C$28*(EOMONTH(H7,0)-H7)),EXP(-Formula!$C$28*(EOMONTH(D7,0)-D7))) -> 0.52204578 | T7: =IFERROR(SQRT(1/COUNTIFS($E$2:$E$2277,E7,$O$2:$O$2277,O7)),1) -> 0.28867513 | U7: =P7*Q7*S7*T7 -> 0.054252589 | V7: =IF(AND(L7="Among all respondents",NOT(OR(K7="Online poll in Telegram channel",K7="Website online poll",K7="CAWI (Computer Assisted Web Interviewing)"))),1/(1-MIN(MAX(Formula!$C$33+(YEAR(D7)-Formula!$C$34)/(Formula!$C$35-Formula!$C$34)*(Formula!$C$32-Formula!$C$33),Formula!$C$33),Formula!$C$32)),1) -> 1 | W7: =IF(ISNUMBER(N7),N7*V7,"") -> 4.3
A8: 2241:Andrei Bileckiy | B8: 2241 | C8: https://ukraine-elections.com.ua/en/socopros/opinion_poll_show/2241 | D8: 2026-03-26 | E8: SOCIS | F8: Ukraine | G8: 2026-03-12 | H8: 2026-03-18 | I8: 1204 | J8: 2.5 | K8: CATI - computer-assisted telephone interviews | L8: Among those who will vote and have made their choice | M8: Andrei Bileckiy | N8: 4 | O8: =DATE(YEAR(D8),MONTH(D8),1) -> 46082 | P8: =IFERROR(VLOOKUP(K8,Formula!$A$11:$B$20,2,FALSE),Formula!$C$26) -> 0.9 | Q8: =IF(AND(ISNUMBER(J8),J8>0),1/J8,IF(AND(ISNUMBER(I8),I8>0),SQRT(MIN(I8,Formula!$C$27))/Formula!$C$24,1/Formula!$C$25)) -> 0.4 | R8: =P8*Q8 -> 0.36 | S8: =IF(H8<>"",EXP(-Formula!$C$28*(EOMONTH(H8,0)-H8)),EXP(-Formula!$C$28*(EOMONTH(D8,0)-D8))) -> 0.52204578 | T8: =IFERROR(SQRT(1/COUNTIFS($E$2:$E$2277,E8,$O$2:$O$2277,O8)),1) -> 0.28867513 | U8: =P8*Q8*S8*T8 -> 0.054252589 | V8: =IF(AND(L8="Among all respondents",NOT(OR(K8="Online poll in Telegram channel",K8="Website online poll",K8="CAWI (Computer Assisted Web Interviewing)"))),1/(1-MIN(MAX(Formula!$C$33+(YEAR(D8)-Formula!$C$34)/(Formula!$C$35-Formula!$C$34)*(Formula!$C$32-Formula!$C$33),Formula!$C$33),Formula!$C$32)),1) -> 1 | W8: =IF(ISNUMBER(N8),N8*V8,"") -> 4
A9: 2241:Yulia Timoshenko | B9: 2241 | C9: https://ukraine-elections.com.ua/en/socopros/opinion_poll_show/2241 | D9: 2026-03-26 | E9: SOCIS | F9: Ukraine | G9: 2026-03-12 | H9: 2026-03-18 | I9: 1204 | J9: 2.5 | K9: CATI - computer-assisted telephone interviews | L9: Among those who will vote and have made their choice | M9: Yulia Timoshenko | N9: 2.9 | O9: =DATE(YEAR(D9),MONTH(D9),1) -> 46082 | P9: =IFERROR(VLOOKUP(K9,Formula!$A$11:$B$20,2,FALSE),Formula!$C$26) -> 0.9 | Q9: =IF(AND(ISNUMBER(J9),J9>0),1/J9,IF(AND(ISNUMBER(I9),I9>0),SQRT(MIN(I9,Formula!$C$27))/Formula!$C$24,1/Formula!$C$25)) -> 0.4 | R9: =P9*Q9 -> 0.36 | S9: =IF(H9<>"",EXP(-Formula!$C$28*(EOMONTH(H9,0)-H9)),EXP(-Formula!$C$28*(EOMONTH(D9,0)-D9))) -> 0.52204578 | T9: =IFERROR(SQRT(1/COUNTIFS($E$2:$E$2277,E9,$O$2:$O$2277,O9)),1) -> 0.28867513 | U9: =P9*Q9*S9*T9 -> 0.054252589 | V9: =IF(AND(L9="Among all respondents",NOT(OR(K9="Online poll in Telegram channel",K9="Website online poll",K9="CAWI (Computer Assisted Web Interviewing)"))),1/(1-MIN(MAX(Formula!$C$33+(YEAR(D9)-Formula!$C$34)/(Formula!$C$35-Formula!$C$34)*(Formula!$C$32-Formula!$C$33),Formula!$C$33),Formula!$C$32)),1) -> 1 | W9: =IF(ISNUMBER(N9),N9*V9,"") -> 2.9
A10: 2241:Sergey Pritula | B10: 2241 | C10: https://ukraine-elections.com.ua/en/socopros/opinion_poll_show/2241 | D10: 2026-03-26 | E10: SOCIS | F10: Ukraine | G10: 2026-03-12 | H10: 2026-03-18 | I10: 1204 | J10: 2.5 | K10: CATI - computer-assisted telephone interviews | L10: Among those who will vote and have made their choice | M10: Sergey Pritula | N10: 1.6 | O10: =DATE(YEAR(D10),MONTH(D10),1) -> 46082 | P10: =IFERROR(VLOOKUP(K10,Formula!$A$11:$B$20,2,FALSE),Formula!$C$26) -> 0.9 | Q10: =IF(AND(ISNUMBER(J10),J10>0),1/J10,IF(AND(ISNUMBER(I10),I10>0),SQRT(MIN(I10,Formula!$C$27))/Formula!$C$24,1/Formula!$C$25)) -> 0.4 | R10: =P10*Q10 -> 0.36 | S10: =IF(H10<>"",EXP(-Formula!$C$28*(EOMONTH(H10,0)-H10)),EXP(-Formula!$C$28*(EOMONTH(D10,0)-D10))) -> 0.52204578 | T10: =IFERROR(SQRT(1/COUNTIFS($E$2:$E$2277,E10,$O$2:$O$2277,O10)),1) -> 0.28867513 | U10: =P10*Q10*S10*T10 -> 0.054252589 | V10: =IF(AND(L10="Among all respondents",NOT(OR(K10="Online poll in Telegram channel",K10="Website online poll",K10="CAWI (Computer Assisted Web Interviewing)"))),1/(1-MIN(MAX(Formula!$C$33+(YEAR(D10)-Formula!$C$34)/(Formula!$C$35-Formula!$C$34)*(Formula!$C$32-Formula!$C$33),Formula!$C$33),Formula!$C$32)),1) -> 1 | W10: =IF(ISNUMBER(N10),N10*V10,"") -> 1.6
A11: 2241:Vitalii Kim | B11: 2241 | C11: https://ukraine-elections.com.ua/en/socopros/opinion_poll_show/2241 | D11: 2026-03-26 | E11: SOCIS | F11: Ukraine | G11: 2026-03-12 | H11: 2026-03-18 | I11: 1204 | J11: 2.5 | K11: CATI - computer-assisted telephone interviews | L11: Among those who will vote and have made their choice | M11: Vitalii Kim | N11: 1.4 | O11: =DATE(YEAR(D11),MONTH(D11),1) -> 46082 | P11: =IFERROR(VLOOKUP(K11,Formula!$A$11:$B$20,2,FALSE),Formula!$C$26) -> 0.9 | Q11: =IF(AND(ISNUMBER(J11),J11>0),1/J11,IF(AND(ISNUMBER(I11),I11>0),SQRT(MIN(I11,Formula!$C$27))/Formula!$C$24,1/Formula!$C$25)) -> 0.4 | R11: =P11*Q11 -> 0.36 | S11: =IF(H11<>"",EXP(-Formula!$C$28*(EOMONTH(H11,0)-H11)),EXP(-Formula!$C$28*(EOMONTH(D11,0)-D11))) -> 0.52204578 | T11: =IFERROR(SQRT(1/COUNTIFS($E$2:$E$2277,E11,$O$2:$O$2277,O11)),1) -> 0.28867513 | U11: =P11*Q11*S11*T11 -> 0.054252589 | V11: =IF(AND(L11="Among all respondents",NOT(OR(K11="Online poll in Telegram channel",K11="Website online poll",K11="CAWI (Computer Assisted Web Interviewing)"))),1/(1-MIN(MAX(Formula!$C$33+(YEAR(D11)-Formula!$C$34)/(Formula!$C$35-Formula!$C$34)*(Formula!$C$32-Formula!$C$33),Formula!$C$33),Formula!$C$32)),1) -> 1 | W11: =IF(ISNUMBER(N11),N11*V11,"") -> 1.4
A12: 2241:Vitaly Klichko | B12: 2241 | C12: https://ukraine-elections.com.ua/en/socopros/opinion_poll_show/2241 | D12: 2026-03-26 | E12: SOCIS | F12: Ukraine | G12: 2026-03-12 | H12: 2026-03-18 | I12: 1204 | J12: 2.5 | K12: CATI - computer-assisted telephone interviews | L12: Among those who will vote and have made their choice | M12: Vitaly Klichko | N12: 0.7 | O12: =DATE(YEAR(D12),MONTH(D12),1) -> 46082 | P12: =IFERROR(VLOOKUP(K12,Formula!$A$11:$B$20,2,FALSE),Formula!$C$26) -> 0.9 | Q12: =IF(AND(ISNUMBER(J12),J12>0),1/J12,IF(AND(ISNUMBER(I12),I12>0),SQRT(MIN(I12,Formula!$C$27))/Formula!$C$24,1/Formula!$C$25)) -> 0.4 | R12: =P12*Q12 -> 0.36 | S12: =IF(H12<>"",EXP(-Formula!$C$28*(EOMONTH(H12,0)-H12)),EXP(-Formula!$C$28*(EOMONTH(D12,0)-D12))) -> 0.52204578 | T12: =IFERROR(SQRT(1/COUNTIFS($E$2:$E$2277,E12,$O$2:$O$2277,O12)),1) -> 0.28867513 | U12: =P12*Q12*S12*T12 -> 0.054252589 | V12: =IF(AND(L12="Among all respondents",NOT(OR(K12="Online poll in Telegram channel",K12="Website online poll",K12="CAWI (Computer Assisted Web Interviewing)"))),1/(1-MIN(MAX(Formula!$C$33+(YEAR(D12)-Formula!$C$34)/(Formula!$C$35-Formula!$C$34)*(Formula!$C$32-Formula!$C$33),Formula!$C$33),Formula!$C$32)),1) -> 1 | W12: =IF(ISNUMBER(N12),N12*V12,"") -> 0.7
A13: 2241:Alexander Vilkul | B13: 2241 | C13: https://ukraine-elections.com.ua/en/socopros/opinion_poll_show/2241 | D13: 2026-03-26 | E13: SOCIS | F13: Ukraine | G13: 2026-03-12 | H13: 2026-03-18 | I13: 1204 | J13: 2.5 | K13: CATI - computer-assisted telephone interviews | L13: Among those who will vote and have made their choice | M13: Alexander Vilkul | N13: 0.6 | O13: =DATE(YEAR(D13),MONTH(D13),1) -> 46082 | P13: =IFERROR(VLOOKUP(K13,Formula!$A$11:$B$20,2,FALSE),Formula!$C$26) -> 0.9 | Q13: =IF(AND(ISNUMBER(J13),J13>0),1/J13,IF(AND(ISNUMBER(I13),I13>0),SQRT(MIN(I13,Formula!$C$27))/Formula!$C$24,1/Formula!$C$25)) -> 0.4 | R13: =P13*Q13 -> 0.36 | S13: =IF(H13<>"",EXP(-Formula!$C$28*(EOMONTH(H13,0)-H13)),EXP(-Formula!$C$28*(EOMONTH(D13,0)-D13))) -> 0.52204578 | T13: =IFERROR(SQRT(1/COUNTIFS($E$2:$E$2277,E13,$O$2:$O$2277,O13)),1) -> 0.28867513 | U13: =P13*Q13*S13*T13 -> 0.054252589 | V13: =IF(AND(L13="Among all respondents",NOT(OR(K13="Online poll in Telegram channel",K13="Website online poll",K13="CAWI (Computer Assisted Web Interviewing)"))),1/(1-MIN(MAX(Formula!$C$33+(YEAR(D13)-Formula!$C$34)/(Formula!$C$35-Formula!$C$34)*(Formula!$C$32-Formula!$C$33),Formula!$C$33),Formula!$C$32)),1) -> 1 | W13: =IF(ISNUMBER(N13),N13*V13,"") -> 0.6
... A54: 2228:Denis Prokopenko | B54: 2228 | C54: https://ukraine-elections.com.ua/en/socopros/opinion_poll_show/2228 | D54: 2026-01-12 | E54: Active Group | F54: Ukraine | G54: 2026-01-10 | H54: 2026-01-10 | I54: 800 | J54: 3.5 | K54: CAWI (Computer Assisted Web Interviewing) | L54: Among those who will vote and have made their choice | M54: Denis Prokopenko | N54: 1 | O54: =DATE(YEAR(D54),MONTH(D54),1) -> 46023 | P54: =IFERROR(VLOOKUP(K54,Formula!$A$11:$B$20,2,FALSE),Formula!$C$26) -> 0.6 | Q54: =IF(AND(ISNUMBER(J54),J54>0),1/J54,IF(AND(ISNUMBER(I54),I54>0),SQRT(MIN(I54,Formula!$C$27))/Formula!$C$24,1/Formula!$C$25)) -> 0.28571429 | R54: =P54*Q54 -> 0.17142857 | S54: =IF(H54<>"",EXP(-Formula!$C$28*(EOMONTH(H54,0)-H54)),EXP(-Formula!$C$28*(EOMONTH(D54,0)-D54))) -> 0.34993775 | T54: =IFERROR(SQRT(1/COUNTIFS($E$2:$E$2277,E54,$O$2:$O$2277,O54)),1) -> 0.2773501 | U54: =P54*Q54*S54*T54 -> 0.016638046 | V54: =IF(AND(L54="Among all respondents",NOT(OR(K54="Online poll in Telegram channel",K54="Website online poll",K54="CAWI (Computer Assisted Web Interviewing)"))),1/(1-MIN(MAX(Formula!$C$33+(YEAR(D54)-Formula!$C$34)/(Formula!$C$35-Formula!$C$34)*(Formula!$C$32-Formula!$C$33),Formula!$C$33),Formula!$C$32)),1) -> 1 | W54: =IF(ISNUMBER(N54),N54*V54,"") -> 1
A55: 2227:Valerii Zaluzhniy | B55: 2227 | C55: https://ukraine-elections.com.ua/en/socopros/opinion_poll_show/2227 | D55: 2026-01-02 | E55: Ipsos | F55: Ukraine | G55: 2025-12-31 | H55: 2025-12-31 | I55: 2000 | K55: CATI - computer-assisted telephone interviews | L55: Among all respondents | M55: Valerii Zaluzhniy | N55: 23 | O55: =DATE(YEAR(D55),MONTH(D55),1) -> 46023 | P55: =IFERROR(VLOOKUP(K55,Formula!$A$11:$B$20,2,FALSE),Formula!$C$26) -> 0.9 | Q55: =IF(AND(ISNUMBER(J55),J55>0),1/J55,IF(AND(ISNUMBER(I55),I55>0),SQRT(MIN(I55,Formula!$C$27))/Formula!$C$24,1/Formula!$C$25)) -> 0.4563404 | R55: =P55*Q55 -> 0.41070636 | S55: =IF(H55<>"",EXP(-Formula!$C$28*(EOMONTH(H55,0)-H55)),EXP(-Formula!$C$28*(EOMONTH(D55,0)-D55))) -> 1 | T55: =IFERROR(SQRT(1/COUNTIFS($E$2:$E$2277,E55,$O$2:$O$2277,O55)),1) -> 0.5 | U55: =P55*Q55*S55*T55 -> 0.20535318 | V55: =IF(AND(L55="Among all respondents",NOT(OR(K55="Online poll in Telegram channel",K55="Website online poll",K55="CAWI (Computer Assisted Web Interviewing)"))),1/(1-MIN(MAX(Formula!$C$33+(YEAR(D55)-Formula!$C$34)/(Formula!$C$35-Formula!$C$34)*(Formula!$C$32-Formula!$C$33),Formula!$C$33),Formula!$C$32)),1) -> 1.2820513 | W55: =IF(ISNUMBER(N55),N55*V55,"") -> 29.487179
A56: 2227:Vladimir Zelenskiy | B56: 2227 | C56: https://ukraine-elections.com.ua/en/socopros/opinion_poll_show/2227 | D56: 2026-01-02 | E56: Ipsos | F56: Ukraine | G56: 2025-12-31 | H56: 2025-12-31 | I56: 2000 | K56: CATI - computer-assisted telephone interviews | L56: Among all respondents | M56: Vladimir Zelenskiy | N56: 20 | O56: =DATE(YEAR(D56),MONTH(D56),1) -> 46023 | P56: =IFERROR(VLOOKUP(K56,Formula!$A$11:$B$20,2,FALSE),Formula!$C$26) -> 0.9 | Q56: =IF(AND(ISNUMBER(J56),J56>0),1/J56,IF(AND(ISNUMBER(I56),I56>0),SQRT(MIN(I56,Formula!$C$27))/Formula!$C$24,1/Formula!$C$25)) -> 0.4563404 | R56: =P56*Q56 -> 0.41070636 | S56: =IF(H56<>"",EXP(-Formula!$C$28*(EOMONTH(H56,0)-H56)),EXP(-Formula!$C$28*(EOMONTH(D56,0)-D56))) -> 1 | T56: =IFERROR(SQRT(1/COUNTIFS($E$2:$E$2277,E56,$O$2:$O$2277,O56)),1) -> 0.5 | U56: =P56*Q56*S56*T56 -> 0.20535318 | V56: =IF(AND(L56="Among all respondents",NOT(OR(K56="Online poll in Telegram channel",K56="Website online poll",K56="CAWI (Computer Assisted Web Interviewing)"))),1/(1-MIN(MAX(Formula!$C$33+(YEAR(D56)-Formula!$C$34)/(Formula!$C$35-Formula!$C$34)*(Formula!$C$32-Formula!$C$33),Formula!$C$33),Formula!$C$32)),1) -> 1.2820513 | W56: =IF(ISNUMBER(N56),N56*V56,"") -> 25.641026
A57: 2227:Pyotr Poroshenko | B57: 2227 | C57: https://ukraine-elections.com.ua/en/socopros/opinion_poll_show/2227 | D57: 2026-01-02 | E57: Ipsos | F57: Ukraine | G57: 2025-12-31 | H57: 2025-12-31 | I57: 2000 | K57: CATI - computer-assisted telephone interviews | L57: Among all respondents | M57: Pyotr Poroshenko | N57: 9 | O57: =DATE(YEAR(D57),MONTH(D57),1) -> 46023 | P57: =IFERROR(VLOOKUP(K57,Formula!$A$11:$B$20,2,FALSE),Formula!$C$26) -> 0.9 | Q57: =IF(AND(ISNUMBER(J57),J57>0),1/J57,IF(AND(ISNUMBER(I57),I57>0),SQRT(MIN(I57,Formula!$C$27))/Formula!$C$24,1/Formula!$C$25)) -> 0.4563404 | R57: =P57*Q57 -> 0.41070636 | S57: =IF(H57<>"",EXP(-Formula!$C$28*(EOMONTH(H57,0)-H57)),EXP(-Formula!$C$28*(EOMONTH(D57,0)-D57))) -> 1 | T57: =IFERROR(SQRT(1/COUNTIFS($E$2:$E$2277,E57,$O$2:$O$2277,O57)),1) -> 0.5 | U57: =P57*Q57*S57*T57 -> 0.20535318 | V57: =IF(AND(L57="Among all respondents",NOT(OR(K57="Online poll in Telegram channel",K57="Website online poll",K57="CAWI (Computer Assisted Web Interviewing)"))),1/(1-MIN(MAX(Formula!$C$33+(YEAR(D57)-Formula!$C$34)/(Formula!$C$35-Formula!$C$34)*(Formula!$C$32-Formula!$C$33),Formula!$C$33),Formula!$C$32)),1) -> 1.2820513 | W57: =IF(ISNUMBER(N57),N57*V57,"") -> 11.538462
A58: 2227:Kyrylo Budanov | B58: 2227 | C58: https://ukraine-elections.com.ua/en/socopros/opinion_poll_show/2227 | D58: 2026-01-02 | E58: Ipsos | F58: Ukraine | G58: 2025-12-31 | H58: 2025-12-31 | I58: 2000 | K58: CATI - computer-assisted telephone interviews | L58: Among all respondents | M58: Kyrylo Budanov | N58: 7 | O58: =DATE(YEAR(D58),MONTH(D58),1) -> 46023 | P58: =IFERROR(VLOOKUP(K58,Formula!$A$11:$B$20,2,FALSE),Formula!$C$26) -> 0.9 | Q58: =IF(AND(ISNUMBER(J58),J58>0),1/J58,IF(AND(ISNUMBER(I58),I58>0),SQRT(MIN(I58,Formula!$C$27))/Formula!$C$24,1/Formula!$C$25)) -> 0.4563404 | R58: =P58*Q58 -> 0.41070636 | S58: =IF(H58<>"",EXP(-Formula!$C$28*(EOMONTH(H58,0)-H58)),EXP(-Formula!$C$28*(EOMONTH(D58,0)-D58))) -> 1 | T58: =IFERROR(SQRT(1/COUNTIFS($E$2:$E$2277,E58,$O$2:$O$2277,O58)),1) -> 0.5 | U58: =P58*Q58*S58*T58 -> 0.20535318 | V58: =IF(AND(L58="Among all respondents",NOT(OR(K58="Online poll in Telegram channel",K58="Website online poll",K58="CAWI (Computer Assisted Web Interviewing)"))),1/(1-MIN(MAX(Formula!$C$33+(YEAR(D58)-Formula!$C$34)/(Formula!$C$35-Formula!$C$34)*(Formula!$C$32-Formula!$C$33),Formula!$C$33),Formula!$C$32)),1) -> 1.2820513 | W58: =IF(ISNUMBER(N58),N58*V58,"") -> 8.974359
A59: 2226:Vladimir Zelenskiy | B59: 2226 | C59: https://ukraine-elections.com.ua/en/socopros/opinion_poll_show/2226 | D59: 2025-12-29 | E59: Active Group | F59: Ukraine | G59: 2025-12-21 | H59: 2025-12-23 | I59: 2000 | J59: 2.2 | K59: CAWI (Computer Assisted Web Interviewing) | L59: Among those who will vote and have made their choice | M59: Vladimir Zelenskiy | N59: 26.8 | O59: =DATE(YEAR(D59),MONTH(D59),1) -> 45992 | P59: =IFERROR(VLOOKUP(K59,Formula!$A$11:$B$20,2,FALSE),Formula!$C$26) -> 0.6 | Q59: =IF(AND(ISNUMBER(J59),J59>0),1/J59,IF(AND(ISNUMBER(I59),I59>0),SQRT(MIN(I59,Formula!$C$27))/Formula!$C$24,1/Formula!$C$25)) -> 0.45454545 | R59: =P59*Q59 -> 0.27272727 | S59: =IF(H59<>"",EXP(-Formula!$C$28*(EOMONTH(H59,0)-H59)),EXP(-Formula!$C$28*(EOMONTH(D59,0)-D59))) -> 0.67032005 | T59: =IFERROR(SQRT(1/COUNTIFS($E$2:$E$2277,E59,$O$2:$O$2277,O59)),1) -> 0.2773501 | U59: =P59*Q59*S59*T59 -> 0.050703636 | V59: =IF(AND(L59="Among all respondents",NOT(OR(K59="Online poll in Telegram channel",K59="Website online poll",K59="CAWI (Computer Assisted Web Interviewing)"))),1/(1-MIN(MAX(Formula!$C$33+(YEAR(D59)-Formula!$C$34)/(Formula!$C$35-Formula!$C$34)*(Formula!$C$32-Formula!$C$33),Formula!$C$33),Formula!$C$32)),1) -> 1 | W59: =IF(ISNUMBER(N59),N59*V59,"") -> 26.8
A60: 2226:Valerii Zaluzhniy | B60: 2226 | C60: https://ukraine-elections.com.ua/en/socopros/opinion_poll_show/2226 | D60: 2025-12-29 | E60: Active Group | F60: Ukraine | G60: 2025-12-21 | H60: 2025-12-23 | I60: 2000 | J60: 2.2 | K60: CAWI (Computer Assisted Web Interviewing) | L60: Among those who will vote and have made their choice | M60: Valerii Zaluzhniy | N60: 25.1 | O60: =DATE(YEAR(D60),MONTH(D60),1) -> 45992 | P60: =IFERROR(VLOOKUP(K60,Formula!$A$11:$B$20,2,FALSE),Formula!$C$26) -> 0.6 | Q60: =IF(AND(ISNUMBER(J60),J60>0),1/J60,IF(AND(ISNUMBER(I60),I60>0),SQRT(MIN(I60,Formula!$C$27))/Formula!$C$24,1/Formula!$C$25)) -> 0.45454545 | R60: =P60*Q60 -> 0.27272727 | S60: =IF(H60<>"",EXP(-Formula!$C$28*(EOMONTH(H60,0)-H60)),EXP(-Formula!$C$28*(EOMONTH(D60,0)-D60))) -> 0.67032005 | T60: =IFERROR(SQRT(1/COUNTIFS($E$2:$E$2277,E60,$O$2:$O$2277,O60)),1) -> 0.2773501 | U60: =P60*Q60*S60*T60 -> 0.050703636 | V60: =IF(AND(L60="Among all respondents",NOT(OR(K60="Online poll in Telegram channel",K60="Website online poll",K60="CAWI (Computer Assisted Web Interviewing)"))),1/(1-MIN(MAX(Formula!$C$33+(YEAR(D60)-Formula!$C$34)/(Formula!$C$35-Formula!$C$34)*(Formula!$C$32-Formula!$C$33),Formula!$C$33),Formula!$C$32)),1) -> 1 | W60: =IF(ISNUMBER(N60),N60*V60,"") -> 25.1
A61: 2226:Kyrylo Budanov | B61: 2226 | C61: https://ukraine-elections.com.ua/en/socopros/opinion_poll_show/2226 | D61: 2025-12-29 | E61: Active Group | F61: Ukraine | G61: 2025-12-21 | H61: 2025-12-23 | I61: 2000 | J61: 2.2 | K61: CAWI (Computer Assisted Web Interviewing) | L61: Among those who will vote and have made their choice | M61: Kyrylo Budanov | N61: 10.9 | O61: =DATE(YEAR(D61),MONTH(D61),1) -> 45992 | P61: =IFERROR(VLOOKUP(K61,Formula!$A$11:$B$20,2,FALSE),Formula!$C$26) -> 0.6 | Q61: =IF(AND(ISNUMBER(J61),J61>0),1/J61,IF(AND(ISNUMBER(I61),I61>0),SQRT(MIN(I61,Formula!$C$27))/Formula!$C$24,1/Formula!$C$25)) -> 0.45454545 | R61: =P61*Q61 -> 0.27272727 | S61: =IF(H61<>"",EXP(-Formula!$C$28*(EOMONTH(H61,0)-H61)),EXP(-Formula!$C$28*(EOMONTH(D61,0)-D61))) -> 0.67032005 | T61: =IFERROR(SQRT(1/COUNTIFS($E$2:$E$2277,E61,$O$2:$O$2277,O61)),1) -> 0.2773501 | U61: =P61*Q61*S61*T61 -> 0.050703636 | V61: =IF(AND(L61="Among all respondents",NOT(OR(K61="Online poll in Telegram channel",K61="Website online poll",K61="CAWI (Computer Assisted Web Interviewing)"))),1/(1-MIN(MAX(Formula!$C$33+(YEAR(D61)-Formula!$C$34)/(Formula!$C$35-Formula!$C$34)*(Formula!$C$32-Formula!$C$33),Formula!$C$33),Formula!$C$32)),1) -> 1 | W61: =IF(ISNUMBER(N61),N61*V61,"") -> 10.9
A62: 2226:Pyotr Poroshenko | B62: 2226 | C62: https://ukraine-elections.com.ua/en/socopros/opinion_poll_show/2226 | D62: 2025-12-29 | E62: Active Group | F62: Ukraine | G62: 2025-12-21 | H62: 2025-12-23 | I62: 2000 | J62: 2.2 | K62: CAWI (Computer Assisted Web Interviewing) | L62: Among those who will vote and have made their choice | M62: Pyotr Poroshenko | N62: 9.8 | O62: =DATE(YEAR(D62),MONTH(D62),1) -> 45992 | P62: =IFERROR(VLOOKUP(K62,Formula!$A$11:$B$20,2,FALSE),Formula!$C$26) -> 0.6 | Q62: =IF(AND(ISNUMBER(J62),J62>0),1/J62,IF(AND(ISNUMBER(I62),I62>0),SQRT(MIN(I62,Formula!$C$27))/Formula!$C$24,1/Formula!$C$25)) -> 0.45454545 | R62: =P62*Q62 -> 0.27272727 | S62: =IF(H62<>"",EXP(-Formula!$C$28*(EOMONTH(H62,0)-H62)),EXP(-Formula!$C$28*(EOMONTH(D62,0)-D62))) -> 0.67032005 | T62: =IFERROR(SQRT(1/COUNTIFS($E$2:$E$2277,E62,$O$2:$O$2277,O62)),1) -> 0.2773501 | U62: =P62*Q62*S62*T62 -> 0.050703636 | V62: =IF(AND(L62="Among all respondents",NOT(OR(K62="Online poll in Telegram channel",K62="Website online poll",K62="CAWI (Computer Assisted Web Interviewing)"))),1/(1-MIN(MAX(Formula!$C$33+(YEAR(D62)-Formula!$C$34)/(Formula!$C$35-Formula!$C$34)*(Formula!$C$32-Formula!$C$33),Formula!$C$33),Formula!$C$32)),1) -> 1 | W62: =IF(ISNUMBER(N62),N62*V62,"") -> 9.8
A63: 2226:Dmitriy Razumkov | B63: 2226 | C63: https://ukraine-elections.com.ua/en/socopros/opinion_poll_show/2226 | D63: 2025-12-29 | E63: Active Group | F63: Ukraine | G63: 2025-12-21 | H63: 2025-12-23 | I63: 2000 | J63: 2.2 | K63: CAWI (Computer Assisted Web Interviewing) | L63: Among those who will vote and have made their choice | M63: Dmitriy Razumkov | N63: 8.1 | O63: =DATE(YEAR(D63),MONTH(D63),1) -> 45992 | P63: =IFERROR(VLOOKUP(K63,Formula!$A$11:$B$20,2,FALSE),Formula!$C$26) -> 0.6 | Q63: =IF(AND(ISNUMBER(J63),J63>0),1/J63,IF(AND(ISNUMBER(I63),I63>0),SQRT(MIN(I63,Formula!$C$27))/Formula!$C$24,1/Formula!$C$25)) -> 0.45454545 | R63: =P63*Q63 -> 0.27272727 | S63: =IF(H63<>"",EXP(-Formula!$C$28*(EOMONTH(H63,0)-H63)),EXP(-Formula!$C$28*(EOMONTH(D63,0)-D63))) -> 0.67032005 | T63: =IFERROR(SQRT(1/COUNTIFS($E$2:$E$2277,E63,$O$2:$O$2277,O63)),1) -> 0.2773501 | U63: =P63*Q63*S63*T63 -> 0.050703636 | V63: =IF(AND(L63="Among all respondents",NOT(OR(K63="Online poll in Telegram channel",K63="Website online poll",K63="CAWI (Computer Assisted Web Interviewing)"))),1/(1-MIN(MAX(Formula!$C$33+(YEAR(D63)-Formula!$C$34)/(Formula!$C$35-Formula!$C$34)*(Formula!$C$32-Formula!$C$33),Formula!$C$33),Formula!$C$32)),1) -> 1 | W63: =IF(ISNUMBER(N63),N63*V63,"") -> 8.1
A64: 2226:Andrei Bileckiy | B64: 2226 | C64: https://ukraine-elections.com.ua/en/socopros/opinion_poll_show/2226 | D64: 2025-12-29 | E64: Active Group | F64: Ukraine | G64: 2025-12-21 | H64: 2025-12-23 | I64: 2000 | J64: 2.2 | K64: CAWI (Computer Assisted Web Interviewing) | L64: Among those who will vote and have made their choice | M64: Andrei Bileckiy | N64: 4.6 | O64: =DATE(YEAR(D64),MONTH(D64),1) -> 45992 | P64: =IFERROR(VLOOKUP(K64,Formula!$A$11:$B$20,2,FALSE),Formula!$C$26) -> 0.6 | Q64: =IF(AND(ISNUMBER(J64),J64>0),1/J64,IF(AND(ISNUMBER(I64),I64>0),SQRT(MIN(I64,Formula!$C$27))/Formula!$C$24,1/Formula!$C$25)) -> 0.45454545 | R64: =P64*Q64 -> 0.27272727 | S64: =IF(H64<>"",EXP(-Formula!$C$28*(EOMONTH(H64,0)-H64)),EXP(-Formula!$C$28*(EOMONTH(D64,0)-D64))) -> 0.67032005 | T64: =IFERROR(SQRT(1/COUNTIFS($E$2:$E$2277,E64,$O$2:$O$2277,O64)),1) -> 0.2773501 | U64: =P64*Q64*S64*T64 -> 0.050703636 | V64: =IF(AND(L64="Among all respondents",NOT(OR(K64="Online poll in Telegram channel",K64="Website online poll",K64="CAWI (Computer Assisted Web Interviewing)"))),1/(1-MIN(MAX(Formula!$C$33+(YEAR(D64)-Formula!$C$34)/(Formula!$C$35-Formula!$C$34)*(Formula!$C$32-Formula!$C$33),Formula!$C$33),Formula!$C$32)),1) -> 1 | W64: =IF(ISNUMBER(N64),N64*V64,"") -> 4.6
A65: 2226:Yulia Timoshenko | B65: 2226 | C65: https://ukraine-elections.com.ua/en/socopros/opinion_poll_show/2226 | D65: 2025-12-29 | E65: Active Group | F65: Ukraine | G65: 2025-12-21 | H65: 2025-12-23 | I65: 2000 | J65: 2.2 | K65: CAWI (Computer Assisted Web Interviewing) | L65: Among those who will vote and have made their choice | M65: Yulia Timoshenko | N65: 3.4 | O65: =DATE(YEAR(D65),MONTH(D65),1) -> 45992 | P65: =IFERROR(VLOOKUP(K65,Formula!$A$11:$B$20,2,FALSE),Formula!$C$26) -> 0.6 | Q65: =IF(AND(ISNUMBER(J65),J65>0),1/J65,IF(AND(ISNUMBER(I65),I65>0),SQRT(MIN(I65,Formula!$C$27))/Formula!$C$24,1/Formula!$C$25)) -> 0.45454545 | R65: =P65*Q65 -> 0.27272727 | S65: =IF(H65<>"",EXP(-Formula!$C$28*(EOMONTH(H65,0)-H65)),EXP(-Formula!$C$28*(EOMONTH(D65,0)-D65))) -> 0.67032005 | T65: =IFERROR(SQRT(1/COUNTIFS($E$2:$E$2277,E65,$O$2:$O$2277,O65)),1) -> 0.2773501 | U65: =P65*Q65*S65*T65 -> 0.050703636 | V65: =IF(AND(L65="Among all respondents",NOT(OR(K65="Online poll in Telegram channel",K65="Website online poll",K65="CAWI (Computer Assisted Web Interviewing)"))),1/(1-MIN(MAX(Formula!$C$33+(YEAR(D65)-Formula!$C$34)/(Formula!$C$35-Formula!$C$34)*(Formula!$C$32-Formula!$C$33),Formula!$C$33),Formula!$C$32)),1) -> 1 | W65: =IF(ISNUMBER(N65),N65*V65,"") -> 3.4
A66: 2226:Yuri Boyko | B66: 2226 | C66: https://ukraine-elections.com.ua/en/socopros/opinion_poll_show/2226 | D66: 2025-12-29 | E66: Active Group | F66: Ukraine | G66: 2025-12-21 | H66: 2025-12-23 | I66: 2000 | J66: 2.2 | K66: CAWI (Computer Assisted Web Interviewing) | L66: Among those who will vote and have made their choice | M66: Yuri Boyko | N66: 2.6 | O66: =DATE(YEAR(D66),MONTH(D66),1) -> 45992 | P66: =IFERROR(VLOOKUP(K66,Formula!$A$11:$B$20,2,FALSE),Formula!$C$26) -> 0.6 | Q66: =IF(AND(ISNUMBER(J66),J66>0),1/J66,IF(AND(ISNUMBER(I66),I66>0),SQRT(MIN(I66,Formula!$C$27))/Formula!$C$24,1/Formula!$C$25)) -> 0.45454545 | R66: =P66*Q66 -> 0.27272727 | S66: =IF(H66<>"",EXP(-Formula!$C$28*(EOMONTH(H66,0)-H66)),EXP(-Formula!$C$28*(EOMONTH(D66,0)-D66))) -> 0.67032005 | T66: =IFERROR(SQRT(1/COUNTIFS($E$2:$E$2277,E66,$O$2:$O$2277,O66)),1) -> 0.2773501 | U66: =P66*Q66*S66*T66 -> 0.050703636 | V66: =IF(AND(L66="Among all respondents",NOT(OR(K66="Online poll in Telegram channel",K66="Website online poll",K66="CAWI (Computer Assisted Web Interviewing)"))),1/(1-MIN(MAX(Formula!$C$33+(YEAR(D66)-Formula!$C$34)/(Formula!$C$35-Formula!$C$34)*(Formula!$C$32-Formula!$C$33),Formula!$C$33),Formula!$C$32)),1) -> 1 | W66: =IF(ISNUMBER(N66),N66*V66,"") -> 2.6
A67: 2226:Alexei Goncharenko | B67: 2226 | C67: https://ukraine-elections.com.ua/en/socopros/opinion_poll_show/2226 | D67: 2025-12-29 | E67: Active Group | F67: Ukraine | G67: 2025-12-21 | H67: 2025-12-23 | I67: 2000 | J67: 2.2 | K67: CAWI (Computer Assisted Web Interviewing) | L67: Among those who will vote and have made their choice | M67: Alexei Goncharenko | N67: 2.5 | O67: =DATE(YEAR(D67),MONTH(D67),1) -> 45992 | P67: =IFERROR(VLOOKUP(K67,Formula!$A$11:$B$20,2,FALSE),Formula!$C$26) -> 0.6 | Q67: =IF(AND(ISNUMBER(J67),J67>0),1/J67,IF(AND(ISNUMBER(I67),I67>0),SQRT(MIN(I67,Formula!$C$27))/Formula!$C$24,1/Formula!$C$25)) -> 0.45454545 | R67: =P67*Q67 -> 0.27272727 | S67: =IF(H67<>"",EXP(-Formula!$C$28*(EOMONTH(H67,0)-H67)),EXP(-Formula!$C$28*(EOMONTH(D67,0)-D67))) -> 0.67032005 | T67: =IFERROR(SQRT(1/COUNTIFS($E$2:$E$2277,E67,$O$2:$O$2277,O67)),1) -> 0.2773501 | U67: =P67*Q67*S67*T67 -> 0.050703636 | V67: =IF(AND(L67="Among all respondents",NOT(OR(K67="Online poll in Telegram channel",K67="Website online poll",K67="CAWI (Computer Assisted Web Interviewing)"))),1/(1-MIN(MAX(Formula!$C$33+(YEAR(D67)-Formula!$C$34)/(Formula!$C$35-Formula!$C$34)*(Formula!$C$32-Formula!$C$33),Formula!$C$33),Formula!$C$32)),1) -> 1 | W67: =IF(ISNUMBER(N67),N67*V67,"") -> 2.5
A68: 2226:Sergey Pritula | B68: 2226 | C68: https://ukraine-elections.com.ua/en/socopros/opinion_poll_show/2226 | D68: 2025-12-29 | E68: Active Group | F68: Ukraine | G68: 2025-12-21 | H68: 2025-12-23 | I68: 2000 | J68: 2.2 | K68: CAWI (Computer Assisted Web Interviewing) | L68: Among those who will vote and have made their choice | M68: Sergey Pritula | N68: 2.1 | O68: =DATE(YEAR(D68),MONTH(D68),1) -> 45992 | P68: =IFERROR(VLOOKUP(K68,Formula!$A$11:$B$20,2,FALSE),Formula!$C$26) -> 0.6 | Q68: =IF(AND(ISNUMBER(J68),J68>0),1/J68,IF(AND(ISNUMBER(I68),I68>0),SQRT(MIN(I68,Formula!$C$27))/Formula!$C$24,1/Formula!$C$25)) -> 0.45454545 | R68: =P68*Q68 -> 0.27272727 | S68: =IF(H68<>"",EXP(-Formula!$C$28*(EOMONTH(H68,0)-H68)),EXP(-Formula!$C$28*(EOMONTH(D68,0)-D68))) -> 0.67032005 | T68: =IFERROR(SQRT(1/COUNTIFS($E$2:$E$2277,E68,$O$2:$O$2277,O68)),1) -> 0.2773501 | U68: =P68*Q68*S68*T68 -> 0.050703636 | V68: =IF(AND(L68="Among all respondents",NOT(OR(K68="Online poll in Telegram channel",K68="Website online poll",K68="CAWI (Computer Assisted Web Interviewing)"))),1/(1-MIN(MAX(Formula!$C$33+(YEAR(D68)-Formula!$C$34)/(Formula!$C$35-Formula!$C$34)*(Formula!$C$32-Formula!$C$33),Formula!$C$33),Formula!$C$32)),1) -> 1 | W68: =IF(ISNUMBER(N68),N68*V68,"") -> 2.1
A69: 2226:Oleksiy Arestovych | B69: 2226 | C69: https://ukraine-elections.com.ua/en/socopros/opinion_poll_show/2226 | D69: 2025-12-29 | E69: Active Group | F69: Ukraine | G69: 2025-12-21 | H69: 2025-12-23 | I69: 2000 | J69: 2.2 | K69: CAWI (Computer Assisted Web Interviewing) | L69: Among those who will vote and have made their choice | M69: Oleksiy Arestovych | N69: 1.9 | O69: =DATE(YEAR(D69),MONTH(D69),1) -> 45992 | P69: =IFERROR(VLOOKUP(K69,Formula!$A$11:$B$20,2,FALSE),Formula!$C$26) -> 0.6 | Q69: =IF(AND(ISNUMBER(J69),J69>0),1/J69,IF(AND(ISNUMBER(I69),I69>0),SQRT(MIN(I69,Formula!$C$27))/Formula!$C$24,1/Formula!$C$25)) -> 0.45454545 | R69: =P69*Q69 -> 0.27272727 | S69: =IF(H69<>"",EXP(-Formula!$C$28*(EOMONTH(H69,0)-H69)),EXP(-Formula!$C$28*(EOMONTH(D69,0)-D69))) -> 0.67032005 | T69: =IFERROR(SQRT(1/COUNTIFS($E$2:$E$2277,E69,$O$2:$O$2277,O69)),1) -> 0.2773501 | U69: =P69*Q69*S69*T69 -> 0.050703636 | V69: =IF(AND(L69="Among all respondents",NOT(OR(K69="Online poll in Telegram channel",K69="Website online poll",K69="CAWI (Computer Assisted Web Interviewing)"))),1/(1-MIN(MAX(Formula!$C$33+(YEAR(D69)-Formula!$C$34)/(Formula!$C$35-Formula!$C$34)*(Formula!$C$32-Formula!$C$33),Formula!$C$33),Formula!$C$32)),1) -> 1 | W69: =IF(ISNUMBER(N69),N69*V69,"") -> 1.9
A70: 2226:Denis Prokopenko | B70: 2226 | C70: https://ukraine-elections.com.ua/en/socopros/opinion_poll_show/2226 | D70: 2025-12-29 | E70: Active Group | F70: Ukraine | G70: 2025-12-21 | H70: 2025-12-23 | I70: 2000 | J70: 2.2 | K70: CAWI (Computer Assisted Web Interviewing) | L70: Among those who will vote and have made their choice | M70: Denis Prokopenko | N70: 1.2 | O70: =DATE(YEAR(D70),MONTH(D70),1) -> 45992 | P70: =IFERROR(VLOOKUP(K70,Formula!$A$11:$B$20,2,FALSE),Formula!$C$26) -> 0.6 | Q70: =IF(AND(ISNUMBER(J70),J70>0),1/J70,IF(AND(ISNUMBER(I70),I70>0),SQRT(MIN(I70,Formula!$C$27))/Formula!$C$24,1/Formula!$C$25)) -> 0.45454545 | R70: =P70*Q70 -> 0.27272727 | S70: =IF(H70<>"",EXP(-Formula!$C$28*(EOMONTH(H70,0)-H70)),EXP(-Formula!$C$28*(EOMONTH(D70,0)-D70))) -> 0.67032005 | T70: =IFERROR(SQRT(1/COUNTIFS($E$2:$E$2277,E70,$O$2:$O$2277,O70)),1) -> 0.2773501 | U70: =P70*Q70*S70*T70 -> 0.050703636 | V70: =IF(AND(L70="Among all respondents",NOT(OR(K70="Online poll in Telegram channel",K70="Website online poll",K70="CAWI (Computer Assisted Web Interviewing)"))),1/(1-MIN(MAX(Formula!$C$33+(YEAR(D70)-Formula!$C$34)/(Formula!$C$35-Formula!$C$34)*(Formula!$C$32-Formula!$C$33),Formula!$C$33),Formula!$C$32)),1) -> 1 | W70: =IF(ISNUMBER(N70),N70*V70,"") -> 1.2
... A138: 2234:Yurii Gudymenko | B138: 2234 | C138: https://ukraine-elections.com.ua/en/socopros/opinion_poll_show/2234 | D138: 2025-11-01 | E138: Info Sapiens | F138: Ukraine | G138: 2025-10-15 | H138: 2025-10-23 | I138: 1000 | J138: 3.1 | K138: CATI - computer-assisted telephone interviews | L138: Among all respondents | M138: Yurii Gudymenko | N138: 0.2 | O138: =DATE(YEAR(D138),MONTH(D138),1) -> 45962 | P138: =IFERROR(VLOOKUP(K138,Formula!$A$11:$B$20,2,FALSE),Formula!$C$26) -> 0.9 | Q138: =IF(AND(ISNUMBER(J138),J138>0),1/J138,IF(AND(ISNUMBER(I138),I138>0),SQRT(MIN(I138,Formula!$C$27))/Formula!$C$24,1/Formula!$C$25)) -> 0.32258065 | R138: =P138*Q138 -> 0.29032258 | S138: =IF(H138<>"",EXP(-Formula!$C$28*(EOMONTH(H138,0)-H138)),EXP(-Formula!$C$28*(EOMONTH(D138,0)-D138))) -> 0.67032005 | T138: =IFERROR(SQRT(1/COUNTIFS($E$2:$E$2277,E138,$O$2:$O$2277,O138)),1) -> 0.25 | U138: =P138*Q138*S138*T138 -> 0.048652261 | V138: =IF(AND(L138="Among all respondents",NOT(OR(K138="Online poll in Telegram channel",K138="Website online poll",K138="CAWI (Computer Assisted Web Interviewing)"))),1/(1-MIN(MAX(Formula!$C$33+(YEAR(D138)-Formula!$C$34)/(Formula!$C$35-Formula!$C$34)*(Formula!$C$32-Formula!$C$33),Formula!$C$33),Formula!$C$32)),1) -> 1.2820513 | W138: =IF(ISNUMBER(N138),N138*V138,"") -> 0.25641026
A139: 2216:Vladimir Zelenskiy | B139: 2216 | C139: https://ukraine-elections.com.ua/en/socopros/opinion_poll_show/2216 | D139: 2025-10-13 | E139: Rate 1 research commissioned by American Political Services, LLC | F139: Ukraine | G139: 2025-10-01 | H139: 2025-10-03 | I139: 1200 | K139: CATI - computer-assisted telephone interviews | L139: Among those who will vote and have made their choice | M139: Vladimir Zelenskiy | N139: 30.3 | O139: =DATE(YEAR(D139),MONTH(D139),1) -> 45931 | P139: =IFERROR(VLOOKUP(K139,Formula!$A$11:$B$20,2,FALSE),Formula!$C$26) -> 0.9 | Q139: =IF(AND(ISNUMBER(J139),J139>0),1/J139,IF(AND(ISNUMBER(I139),I139>0),SQRT(MIN(I139,Formula!$C$27))/Formula!$C$24,1/Formula!$C$25)) -> 0.35347976 | R139: =P139*Q139 -> 0.31813178 | S139: =IF(H139<>"",EXP(-Formula!$C$28*(EOMONTH(H139,0)-H139)),EXP(-Formula!$C$28*(EOMONTH(D139,0)-D139))) -> 0.24659696 | T139: =IFERROR(SQRT(1/COUNTIFS($E$2:$E$2277,E139,$O$2:$O$2277,O139)),1) -> 0.31622777 | U139: =P139*Q139*S139*T139 -> 0.024808173 | V139: =IF(AND(L139="Among all respondents",NOT(OR(K139="Online poll in Telegram channel",K139="Website online poll",K139="CAWI (Computer Assisted Web Interviewing)"))),1/(1-MIN(MAX(Formula!$C$33+(YEAR(D139)-Formula!$C$34)/(Formula!$C$35-Formula!$C$34)*(Formula!$C$32-Formula!$C$33),Formula!$C$33),Formula!$C$32)),1) -> 1 | W139: =IF(ISNUMBER(N139),N139*V139,"") -> 30.3
A140: 2216:Valerii Zaluzhniy | B140: 2216 | C140: https://ukraine-elections.com.ua/en/socopros/opinion_poll_show/2216 | D140: 2025-10-13 | E140: Rate 1 research commissioned by American Political Services, LLC | F140: Ukraine | G140: 2025-10-01 | H140: 2025-10-03 | I140: 1200 | K140: CATI - computer-assisted telephone interviews | L140: Among those who will vote and have made their choice | M140: Valerii Zaluzhniy | N140: 28.5 | O140: =DATE(YEAR(D140),MONTH(D140),1) -> 45931 | P140: =IFERROR(VLOOKUP(K140,Formula!$A$11:$B$20,2,FALSE),Formula!$C$26) -> 0.9 | Q140: =IF(AND(ISNUMBER(J140),J140>0),1/J140,IF(AND(ISNUMBER(I140),I140>0),SQRT(MIN(I140,Formula!$C$27))/Formula!$C$24,1/Formula!$C$25)) -> 0.35347976 | R140: =P140*Q140 -> 0.31813178 | S140: =IF(H140<>"",EXP(-Formula!$C$28*(EOMONTH(H140,0)-H140)),EXP(-Formula!$C$28*(EOMONTH(D140,0)-D140))) -> 0.24659696 | T140: =IFERROR(SQRT(1/COUNTIFS($E$2:$E$2277,E140,$O$2:$O$2277,O140)),1) -> 0.31622777 | U140: =P140*Q140*S140*T140 -> 0.024808173 | V140: =IF(AND(L140="Among all respondents",NOT(OR(K140="Online poll in Telegram channel",K140="Website online poll",K140="CAWI (Computer Assisted Web Interviewing)"))),1/(1-MIN(MAX(Formula!$C$33+(YEAR(D140)-Formula!$C$34)/(Formula!$C$35-Formula!$C$34)*(Formula!$C$32-Formula!$C$33),Formula!$C$33),Formula!$C$32)),1) -> 1 | W140: =IF(ISNUMBER(N140),N140*V140,"") -> 28.5
A141: 2216:Kyrylo Budanov | B141: 2216 | C141: https://ukraine-elections.com.ua/en/socopros/opinion_poll_show/2216 | D141: 2025-10-13 | E141: Rate 1 research commissioned by American Political Services, LLC | F141: Ukraine | G141: 2025-10-01 | H141: 2025-10-03 | I141: 1200 | K141: CATI - computer-assisted telephone interviews | L141: Among those who will vote and have made their choice | M141: Kyrylo Budanov | N141: 10.1 | O141: =DATE(YEAR(D141),MONTH(D141),1) -> 45931 | P141: =IFERROR(VLOOKUP(K141,Formula!$A$11:$B$20,2,FALSE),Formula!$C$26) -> 0.9 | Q141: =IF(AND(ISNUMBER(J141),J141>0),1/J141,IF(AND(ISNUMBER(I141),I141>0),SQRT(MIN(I141,Formula!$C$27))/Formula!$C$24,1/Formula!$C$25)) -> 0.35347976 | R141: =P141*Q141 -> 0.31813178 | S141: =IF(H141<>"",EXP(-Formula!$C$28*(EOMONTH(H141,0)-H141)),EXP(-Formula!$C$28*(EOMONTH(D141,0)-D141))) -> 0.24659696 | T141: =IFERROR(SQRT(1/COUNTIFS($E$2:$E$2277,E141,$O$2:$O$2277,O141)),1) -> 0.31622777 | U141: =P141*Q141*S141*T141 -> 0.024808173 | V141: =IF(AND(L141="Among all respondents",NOT(OR(K141="Online poll in Telegram channel",K141="Website online poll",K141="CAWI (Computer Assisted Web Interviewing)"))),1/(1-MIN(MAX(Formula!$C$33+(YEAR(D141)-Formula!$C$34)/(Formula!$C$35-Formula!$C$34)*(Formula!$C$32-Formula!$C$33),Formula!$C$33),Formula!$C$32)),1) -> 1 | W141: =IF(ISNUMBER(N141),N141*V141,"") -> 10.1
A142: 2216:Pyotr Poroshenko | B142: 2216 | C142: https://ukraine-elections.com.ua/en/socopros/opinion_poll_show/2216 | D142: 2025-10-13 | E142: Rate 1 research commissioned by American Political Services, LLC | F142: Ukraine | G142: 2025-10-01 | H142: 2025-10-03 | I142: 1200 | K142: CATI - computer-assisted telephone interviews | L142: Among those who will vote and have made their choice | M142: Pyotr Poroshenko | N142: 7.6 | O142: =DATE(YEAR(D142),MONTH(D142),1) -> 45931 | P142: =IFERROR(VLOOKUP(K142,Formula!$A$11:$B$20,2,FALSE),Formula!$C$26) -> 0.9 | Q142: =IF(AND(ISNUMBER(J142),J142>0),1/J142,IF(AND(ISNUMBER(I142),I142>0),SQRT(MIN(I142,Formula!$C$27))/Formula!$C$24,1/Formula!$C$25)) -> 0.35347976 | R142: =P142*Q142 -> 0.31813178 | S142: =IF(H142<>"",EXP(-Formula!$C$28*(EOMONTH(H142,0)-H142)),EXP(-Formula!$C$28*(EOMONTH(D142,0)-D142))) -> 0.24659696 | T142: =IFERROR(SQRT(1/COUNTIFS($E$2:$E$2277,E142,$O$2:$O$2277,O142)),1) -> 0.31622777 | U142: =P142*Q142*S142*T142 -> 0.024808173 | V142: =IF(AND(L142="Among all respondents",NOT(OR(K142="Online poll in Telegram channel",K142="Website online poll",K142="CAWI (Computer Assisted Web Interviewing)"))),1/(1-MIN(MAX(Formula!$C$33+(YEAR(D142)-Formula!$C$34)/(Formula!$C$35-Formula!$C$34)*(Formula!$C$32-Formula!$C$33),Formula!$C$33),Formula!$C$32)),1) -> 1 | W142: =IF(ISNUMBER(N142),N142*V142,"") -> 7.6
A143: 2216:Yulia Timoshenko | B143: 2216 | C143: https://ukraine-elections.com.ua/en/socopros/opinion_poll_show/2216 | D143: 2025-10-13 | E143: Rate 1 research commissioned by American Political Services, LLC | F143: Ukraine | G143: 2025-10-01 | H143: 2025-10-03 | I143: 1200 | K143: CATI - computer-assisted telephone interviews | L143: Among those who will vote and have made their choice | M143: Yulia Timoshenko | N143: 4.9 | O143: =DATE(YEAR(D143),MONTH(D143),1) -> 45931 | P143: =IFERROR(VLOOKUP(K143,Formula!$A$11:$B$20,2,FALSE),Formula!$C$26) -> 0.9 | Q143: =IF(AND(ISNUMBER(J143),J143>0),1/J143,IF(AND(ISNUMBER(I143),I143>0),SQRT(MIN(I143,Formula!$C$27))/Formula!$C$24,1/Formula!$C$25)) -> 0.35347976 | R143: =P143*Q143 -> 0.31813178 | S143: =IF(H143<>"",EXP(-Formula!$C$28*(EOMONTH(H143,0)-H143)),EXP(-Formula!$C$28*(EOMONTH(D143,0)-D143))) -> 0.24659696 | T143: =IFERROR(SQRT(1/COUNTIFS($E$2:$E$2277,E143,$O$2:$O$2277,O143)),1) -> 0.31622777 | U143: =P143*Q143*S143*T143 -> 0.024808173 | V143: =IF(AND(L143="Among all respondents",NOT(OR(K143="Online poll in Telegram channel",K143="Website online poll",K143="CAWI (Computer Assisted Web Interviewing)"))),1/(1-MIN(MAX(Formula!$C$33+(YEAR(D143)-Formula!$C$34)/(Formula!$C$35-Formula!$C$34)*(Formula!$C$32-Formula!$C$33),Formula!$C$33),Formula!$C$32)),1) -> 1 | W143: =IF(ISNUMBER(N143),N143*V143,"") -> 4.9
A144: 2216:Dmitriy Razumkov | B144: 2216 | C144: https://ukraine-elections.com.ua/en/socopros/opinion_poll_show/2216 | D144: 2025-10-13 | E144: Rate 1 research commissioned by American Political Services, LLC | F144: Ukraine | G144: 2025-10-01 | H144: 2025-10-03 | I144: 1200 | K144: CATI - computer-assisted telephone interviews | L144: Among those who will vote and have made their choice | M144: Dmitriy Razumkov | N144: 4.1 | O144: =DATE(YEAR(D144),MONTH(D144),1) -> 45931 | P144: =IFERROR(VLOOKUP(K144,Formula!$A$11:$B$20,2,FALSE),Formula!$C$26) -> 0.9 | Q144: =IF(AND(ISNUMBER(J144),J144>0),1/J144,IF(AND(ISNUMBER(I144),I144>0),SQRT(MIN(I144,Formula!$C$27))/Formula!$C$24,1/Formula!$C$25)) -> 0.35347976 | R144: =P144*Q144 -> 0.31813178 | S144: =IF(H144<>"",EXP(-Formula!$C$28*(EOMONTH(H144,0)-H144)),EXP(-Formula!$C$28*(EOMONTH(D144,0)-D144))) -> 0.24659696 | T144: =IFERROR(SQRT(1/COUNTIFS($E$2:$E$2277,E144,$O$2:$O$2277,O144)),1) -> 0.31622777 | U144: =P144*Q144*S144*T144 -> 0.024808173 | V144: =IF(AND(L144="Among all respondents",NOT(OR(K144="Online poll in Telegram channel",K144="Website online poll",K144="CAWI (Computer Assisted Web Interviewing)"))),1/(1-MIN(MAX(Formula!$C$33+(YEAR(D144)-Formula!$C$34)/(Formula!$C$35-Formula!$C$34)*(Formula!$C$32-Formula!$C$33),Formula!$C$33),Formula!$C$32)),1) -> 1 | W144: =IF(ISNUMBER(N144),N144*V144,"") -> 4.1
A145: 2216:Andrei Bileckiy | B145: 2216 | C145: https://ukraine-elections.com.ua/en/socopros/opinion_poll_show/2216 | D145: 2025-10-13 | E145: Rate 1 research commissioned by American Political Services, LLC | F145: Ukraine | G145: 2025-10-01 | H145: 2025-10-03 | I145: 1200 | K145: CATI - computer-assisted telephone interviews | L145: Among those who will vote and have made their choice | M145: Andrei Bileckiy | N145: 3.4 | O145: =DATE(YEAR(D145),MONTH(D145),1) -> 45931 | P145: =IFERROR(VLOOKUP(K145,Formula!$A$11:$B$20,2,FALSE),Formula!$C$26) -> 0.9 | Q145: =IF(AND(ISNUMBER(J145),J145>0),1/J145,IF(AND(ISNUMBER(I145),I145>0),SQRT(MIN(I145,Formula!$C$27))/Formula!$C$24,1/Formula!$C$25)) -> 0.35347976 | R145: =P145*Q145 -> 0.31813178 | S145: =IF(H145<>"",EXP(-Formula!$C$28*(EOMONTH(H145,0)-H145)),EXP(-Formula!$C$28*(EOMONTH(D145,0)-D145))) -> 0.24659696 | T145: =IFERROR(SQRT(1/COUNTIFS($E$2:$E$2277,E145,$O$2:$O$2277,O145)),1) -> 0.31622777 | U145: =P145*Q145*S145*T145 -> 0.024808173 | V145: =IF(AND(L145="Among all respondents",NOT(OR(K145="Online poll in Telegram channel",K145="Website online poll",K145="CAWI (Computer Assisted Web Interviewing)"))),1/(1-MIN(MAX(Formula!$C$33+(YEAR(D145)-Formula!$C$34)/(Formula!$C$35-Formula!$C$34)*(Formula!$C$32-Formula!$C$33),Formula!$C$33),Formula!$C$32)),1) -> 1 | W145: =IF(ISNUMBER(N145),N145*V145,"") -> 3.4
A146: 2216:Vitaly Klichko | B146: 2216 | C146: https://ukraine-elections.com.ua/en/socopros/opinion_poll_show/2216 | D146: 2025-10-13 | E146: Rate 1 research commissioned by American Political Services, LLC | F146: Ukraine | G146: 2025-10-01 | H146: 2025-10-03 | I146: 1200 | K146: CATI - computer-assisted telephone interviews | L146: Among those who will vote and have made their choice | M146: Vitaly Klichko | N146: 2 | O146: =DATE(YEAR(D146),MONTH(D146),1) -> 45931 | P146: =IFERROR(VLOOKUP(K146,Formula!$A$11:$B$20,2,FALSE),Formula!$C$26) -> 0.9 | Q146: =IF(AND(ISNUMBER(J146),J146>0),1/J146,IF(AND(ISNUMBER(I146),I146>0),SQRT(MIN(I146,Formula!$C$27))/Formula!$C$24,1/Formula!$C$25)) -> 0.35347976 | R146: =P146*Q146 -> 0.31813178 | S146: =IF(H146<>"",EXP(-Formula!$C$28*(EOMONTH(H146,0)-H146)),EXP(-Formula!$C$28*(EOMONTH(D146,0)-D146))) -> 0.24659696 | T146: =IFERROR(SQRT(1/COUNTIFS($E$2:$E$2277,E146,$O$2:$O$2277,O146)),1) -> 0.31622777 | U146: =P146*Q146*S146*T146 -> 0.024808173 | V146: =IF(AND(L146="Among all respondents",NOT(OR(K146="Online poll in Telegram channel",K146="Website online poll",K146="CAWI (Computer Assisted Web Interviewing)"))),1/(1-MIN(MAX(Formula!$C$33+(YEAR(D146)-Formula!$C$34)/(Formula!$C$35-Formula!$C$34)*(Formula!$C$32-Formula!$C$33),Formula!$C$33),Formula!$C$32)),1) -> 1 | W146: =IF(ISNUMBER(N146),N146*V146,"") -> 2
A147: 2216:Sergey Pritula | B147: 2216 | C147: https://ukraine-elections.com.ua/en/socopros/opinion_poll_show/2216 | D147: 2025-10-13 | E147: Rate 1 research commissioned by American Political Services, LLC | F147: Ukraine | G147: 2025-10-01 | H147: 2025-10-03 | I147: 1200 | K147: CATI - computer-assisted telephone interviews | L147: Among those who will vote and have made their choice | M147: Sergey Pritula | N147: 1.7 | O147: =DATE(YEAR(D147),MONTH(D147),1) -> 45931 | P147: =IFERROR(VLOOKUP(K147,Formula!$A$11:$B$20,2,FALSE),Formula!$C$26) -> 0.9 | Q147: =IF(AND(ISNUMBER(J147),J147>0),1/J147,IF(AND(ISNUMBER(I147),I147>0),SQRT(MIN(I147,Formula!$C$27))/Formula!$C$24,1/Formula!$C$25)) -> 0.35347976 | R147: =P147*Q147 -> 0.31813178 | S147: =IF(H147<>"",EXP(-Formula!$C$28*(EOMONTH(H147,0)-H147)),EXP(-Formula!$C$28*(EOMONTH(D147,0)-D147))) -> 0.24659696 | T147: =IFERROR(SQRT(1/COUNTIFS($E$2:$E$2277,E147,$O$2:$O$2277,O147)),1) -> 0.31622777 | U147: =P147*Q147*S147*T147 -> 0.024808173 | V147: =IF(AND(L147="Among all respondents",NOT(OR(K147="Online poll in Telegram channel",K147="Website online poll",K147="CAWI (Computer Assisted Web Interviewing)"))),1/(1-MIN(MAX(Formula!$C$33+(YEAR(D147)-Formula!$C$34)/(Formula!$C$35-Formula!$C$34)*(Formula!$C$32-Formula!$C$33),Formula!$C$33),Formula!$C$32)),1) -> 1 | W147: =IF(ISNUMBER(N147),N147*V147,"") -> 1.7
A148: 2216:Yuri Boyko | B148: 2216 | C148: https://ukraine-elections.com.ua/en/socopros/opinion_poll_show/2216 | D148: 2025-10-13 | E148: Rate 1 research commissioned by American Political Services, LLC | F148: Ukraine | G148: 2025-10-01 | H148: 2025-10-03 | I148: 1200 | K148: CATI - computer-assisted telephone interviews | L148: Among those who will vote and have made their choice | M148: Yuri Boyko | N148: 1.1 | O148: =DATE(YEAR(D148),MONTH(D148),1) -> 45931 | P148: =IFERROR(VLOOKUP(K148,Formula!$A$11:$B$20,2,FALSE),Formula!$C$26) -> 0.9 | Q148: =IF(AND(ISNUMBER(J148),J148>0),1/J148,IF(AND(ISNUMBER(I148),I148>0),SQRT(MIN(I148,Formula!$C$27))/Formula!$C$24,1/Formula!$C$25)) -> 0.35347976 | R148: =P148*Q148 -> 0.31813178 | S148: =IF(H148<>"",EXP(-Formula!$C$28*(EOMONTH(H148,0)-H148)),EXP(-Formula!$C$28*(EOMONTH(D148,0)-D148))) -> 0.24659696 | T148: =IFERROR(SQRT(1/COUNTIFS($E$2:$E$2277,E148,$O$2:$O$2277,O148)),1) -> 0.31622777 | U148: =P148*Q148*S148*T148 -> 0.024808173 | V148: =IF(AND(L148="Among all respondents",NOT(OR(K148="Online poll in Telegram channel",K148="Website online poll",K148="CAWI (Computer Assisted Web Interviewing)"))),1/(1-MIN(MAX(Formula!$C$33+(YEAR(D148)-Formula!$C$34)/(Formula!$C$35-Formula!$C$34)*(Formula!$C$32-Formula!$C$33),Formula!$C$33),Formula!$C$32)),1) -> 1 | W148: =IF(ISNUMBER(N148),N148*V148,"") -> 1.1
A149: 2220:Vladimir Zelenskiy | B149: 2220 | C149: https://ukraine-elections.com.ua/en/socopros/opinion_poll_show/2220 | D149: 2025-10-01 | E149: SOCIS | F149: Ukraine | G149: 2025-09-01 | H149: 2025-09-30 | I149: 2000 | J149: 2.6 | K149: CAPI | L149: Among all respondents | M149: Vladimir Zelenskiy | N149: 21.2 | O149: =DATE(YEAR(D149),MONTH(D149),1) -> 45931 | P149: =IFERROR(VLOOKUP(K149,Formula!$A$11:$B$20,2,FALSE),Formula!$C$26) -> 0.95 | Q149: =IF(AND(ISNUMBER(J149),J149>0),1/J149,IF(AND(ISNUMBER(I149),I149>0),SQRT(MIN(I149,Formula!$C$27))/Formula!$C$24,1/Formula!$C$25)) -> 0.38461538 | R149: =P149*Q149 -> 0.36538462 | S149: =IF(H149<>"",EXP(-Formula!$C$28*(EOMONTH(H149,0)-H149)),EXP(-Formula!$C$28*(EOMONTH(D149,0)-D149))) -> 1 | T149: =IFERROR(SQRT(1/COUNTIFS($E$2:$E$2277,E149,$O$2:$O$2277,O149)),1) -> 0.31622777 | U149: =P149*Q149*S149*T149 -> 0.11554476 | V149: =IF(AND(L149="Among all respondents",NOT(OR(K149="Online poll in Telegram channel",K149="Website online poll",K149="CAWI (Computer Assisted Web Interviewing)"))),1/(1-MIN(MAX(Formula!$C$33+(YEAR(D149)-Formula!$C$34)/(Formula!$C$35-Formula!$C$34)*(Formula!$C$32-Formula!$C$33),Formula!$C$33),Formula!$C$32)),1) -> 1.2820513 | W149: =IF(ISNUMBER(N149),N149*V149,"") -> 27.179487
A150: 2220:Valerii Zaluzhniy | B150: 2220 | C150: https://ukraine-elections.com.ua/en/socopros/opinion_poll_show/2220 | D150: 2025-10-01 | E150: SOCIS | F150: Ukraine | G150: 2025-09-01 | H150: 2025-09-30 | I150: 2000 | J150: 2.6 | K150: CAPI | L150: Among all respondents | M150: Valerii Zaluzhniy | N150: 19.4 | O150: =DATE(YEAR(D150),MONTH(D150),1) -> 45931 | P150: =IFERROR(VLOOKUP(K150,Formula!$A$11:$B$20,2,FALSE),Formula!$C$26) -> 0.95 | Q150: =IF(AND(ISNUMBER(J150),J150>0),1/J150,IF(AND(ISNUMBER(I150),I150>0),SQRT(MIN(I150,Formula!$C$27))/Formula!$C$24,1/Formula!$C$25)) -> 0.38461538 | R150: =P150*Q150 -> 0.36538462 | S150: =IF(H150<>"",EXP(-Formula!$C$28*(EOMONTH(H150,0)-H150)),EXP(-Formula!$C$28*(EOMONTH(D150,0)-D150))) -> 1 | T150: =IFERROR(SQRT(1/COUNTIFS($E$2:$E$2277,E150,$O$2:$O$2277,O150)),1) -> 0.31622777 | U150: =P150*Q150*S150*T150 -> 0.11554476 | V150: =IF(AND(L150="Among all respondents",NOT(OR(K150="Online poll in Telegram channel",K150="Website online poll",K150="CAWI (Computer Assisted Web Interviewing)"))),1/(1-MIN(MAX(Formula!$C$33+(YEAR(D150)-Formula!$C$34)/(Formula!$C$35-Formula!$C$34)*(Formula!$C$32-Formula!$C$33),Formula!$C$33),Formula!$C$32)),1) -> 1.2820513 | W150: =IF(ISNUMBER(N150),N150*V150,"") -> 24.871795
A151: 2220:Pyotr Poroshenko | B151: 2220 | C151: https://ukraine-elections.com.ua/en/socopros/opinion_poll_show/2220 | D151: 2025-10-01 | E151: SOCIS | F151: Ukraine | G151: 2025-09-01 | H151: 2025-09-30 | I151: 2000 | J151: 2.6 | K151: CAPI | L151: Among all respondents | M151: Pyotr Poroshenko | N151: 5.6 | O151: =DATE(YEAR(D151),MONTH(D151),1) -> 45931 | P151: =IFERROR(VLOOKUP(K151,Formula!$A$11:$B$20,2,FALSE),Formula!$C$26) -> 0.95 | Q151: =IF(AND(ISNUMBER(J151),J151>0),1/J151,IF(AND(ISNUMBER(I151),I151>0),SQRT(MIN(I151,Formula!$C$27))/Formula!$C$24,1/Formula!$C$25)) -> 0.38461538 | R151: =P151*Q151 -> 0.36538462 | S151: =IF(H151<>"",EXP(-Formula!$C$28*(EOMONTH(H151,0)-H151)),EXP(-Formula!$C$28*(EOMONTH(D151,0)-D151))) -> 1 | T151: =IFERROR(SQRT(1/COUNTIFS($E$2:$E$2277,E151,$O$2:$O$2277,O151)),1) -> 0.31622777 | U151: =P151*Q151*S151*T151 -> 0.11554476 | V151: =IF(AND(L151="Among all respondents",NOT(OR(K151="Online poll in Telegram channel",K151="Website online poll",K151="CAWI (Computer Assisted Web Interviewing)"))),1/(1-MIN(MAX(Formula!$C$33+(YEAR(D151)-Formula!$C$34)/(Formula!$C$35-Formula!$C$34)*(Formula!$C$32-Formula!$C$33),Formula!$C$33),Formula!$C$32)),1) -> 1.2820513 | W151: =IF(ISNUMBER(N151),N151*V151,"") -> 7.1794872
A152: 2220:Kyrylo Budanov | B152: 2220 | C152: https://ukraine-elections.com.ua/en/socopros/opinion_poll_show/2220 | D152: 2025-10-01 | E152: SOCIS | F152: Ukraine | G152: 2025-09-01 | H152: 2025-09-30 | I152: 2000 | J152: 2.6 | K152: CAPI | L152: Among all respondents | M152: Kyrylo Budanov | N152: 4.9 | O152: =DATE(YEAR(D152),MONTH(D152),1) -> 45931 | P152: =IFERROR(VLOOKUP(K152,Formula!$A$11:$B$20,2,FALSE),Formula!$C$26) -> 0.95 | Q152: =IF(AND(ISNUMBER(J152),J152>0),1/J152,IF(AND(ISNUMBER(I152),I152>0),SQRT(MIN(I152,Formula!$C$27))/Formula!$C$24,1/Formula!$C$25)) -> 0.38461538 | R152: =P152*Q152 -> 0.36538462 | S152: =IF(H152<>"",EXP(-Formula!$C$28*(EOMONTH(H152,0)-H152)),EXP(-Formula!$C$28*(EOMONTH(D152,0)-D152))) -> 1 | T152: =IFERROR(SQRT(1/COUNTIFS($E$2:$E$2277,E152,$O$2:$O$2277,O152)),1) -> 0.31622777 | U152: =P152*Q152*S152*T152 -> 0.11554476 | V152: =IF(AND(L152="Among all respondents",NOT(OR(K152="Online poll in Telegram channel",K152="Website online poll",K152="CAWI (Computer Assisted Web Interviewing)"))),1/(1-MIN(MAX(Formula!$C$33+(YEAR(D152)-Formula!$C$34)/(Formula!$C$35-Formula!$C$34)*(Formula!$C$32-Formula!$C$33),Formula!$C$33),Formula!$C$32)),1) -> 1.2820513 | W152: =IF(ISNUMBER(N152),N152*V152,"") -> 6.2820513
A153: 2220:Andrei Bileckiy | B153: 2220 | C153: https://ukraine-elections.com.ua/en/socopros/opinion_poll_show/2220 | D153: 2025-10-01 | E153: SOCIS | F153: Ukraine | G153: 2025-09-01 | H153: 2025-09-30 | I153: 2000 | J153: 2.6 | K153: CAPI | L153: Among all respondents | M153: Andrei Bileckiy | N153: 3.6 | O153: =DATE(YEAR(D153),MONTH(D153),1) -> 45931 | P153: =IFERROR(VLOOKUP(K153,Formula!$A$11:$B$20,2,FALSE),Formula!$C$26) -> 0.95 | Q153: =IF(AND(ISNUMBER(J153),J153>0),1/J153,IF(AND(ISNUMBER(I153),I153>0),SQRT(MIN(I153,Formula!$C$27))/Formula!$C$24,1/Formula!$C$25)) -> 0.38461538 | R153: =P153*Q153 -> 0.36538462 | S153: =IF(H153<>"",EXP(-Formula!$C$28*(EOMONTH(H153,0)-H153)),EXP(-Formula!$C$28*(EOMONTH(D153,0)-D153))) -> 1 | T153: =IFERROR(SQRT(1/COUNTIFS($E$2:$E$2277,E153,$O$2:$O$2277,O153)),1) -> 0.31622777 | U153: =P153*Q153*S153*T153 -> 0.11554476 | V153: =IF(AND(L153="Among all respondents",NOT(OR(K153="Online poll in Telegram channel",K153="Website online poll",K153="CAWI (Computer Assisted Web Interviewing)"))),1/(1-MIN(MAX(Formula!$C$33+(YEAR(D153)-Formula!$C$34)/(Formula!$C$35-Formula!$C$34)*(Formula!$C$32-Formula!$C$33),Formula!$C$33),Formula!$C$32)),1) -> 1.2820513 | W153: =IF(ISNUMBER(N153),N153*V153,"") -> 4.6153846
A154: 2220:Dmitriy Razumkov | B154: 2220 | C154: https://ukraine-elections.com.ua/en/socopros/opinion_poll_show/2220 | D154: 2025-10-01 | E154: SOCIS | F154: Ukraine | G154: 2025-09-01 | H154: 2025-09-30 | I154: 2000 | J154: 2.6 | K154: CAPI | L154: Among all respondents | M154: Dmitriy Razumkov | N154: 3 | O154: =DATE(YEAR(D154),MONTH(D154),1) -> 45931 | P154: =IFERROR(VLOOKUP(K154,Formula!$A$11:$B$20,2,FALSE),Formula!$C$26) -> 0.95 | Q154: =IF(AND(ISNUMBER(J154),J154>0),1/J154,IF(AND(ISNUMBER(I154),I154>0),SQRT(MIN(I154,Formula!$C$27))/Formula!$C$24,1/Formula!$C$25)) -> 0.38461538 | R154: =P154*Q154 -> 0.36538462 | S154: =IF(H154<>"",EXP(-Formula!$C$28*(EOMONTH(H154,0)-H154)),EXP(-Formula!$C$28*(EOMONTH(D154,0)-D154))) -> 1 | T154: =IFERROR(SQRT(1/COUNTIFS($E$2:$E$2277,E154,$O$2:$O$2277,O154)),1) -> 0.31622777 | U154: =P154*Q154*S154*T154 -> 0.11554476 | V154: =IF(AND(L154="Among all respondents",NOT(OR(K154="Online poll in Telegram channel",K154="Website online poll",K154="CAWI (Computer Assisted Web Interviewing)"))),1/(1-MIN(MAX(Formula!$C$33+(YEAR(D154)-Formula!$C$34)/(Formula!$C$35-Formula!$C$34)*(Formula!$C$32-Formula!$C$33),Formula!$C$33),Formula!$C$32)),1) -> 1.2820513 | W154: =IF(ISNUMBER(N154),N154*V154,"") -> 3.8461538
A155: 2220:Yulia Timoshenko | B155: 2220 | C155: https://ukraine-elections.com.ua/en/socopros/opinion_poll_show/2220 | D155: 2025-10-01 | E155: SOCIS | F155: Ukraine | G155: 2025-09-01 | H155: 2025-09-30 | I155: 2000 | J155: 2.6 | K155: CAPI | L155: Among all respondents | M155: Yulia Timoshenko | N155: 2.3 | O155: =DATE(YEAR(D155),MONTH(D155),1) -> 45931 | P155: =IFERROR(VLOOKUP(K155,Formula!$A$11:$B$20,2,FALSE),Formula!$C$26) -> 0.95 | Q155: =IF(AND(ISNUMBER(J155),J155>0),1/J155,IF(AND(ISNUMBER(I155),I155>0),SQRT(MIN(I155,Formula!$C$27))/Formula!$C$24,1/Formula!$C$25)) -> 0.38461538 | R155: =P155*Q155 -> 0.36538462 | S155: =IF(H155<>"",EXP(-Formula!$C$28*(EOMONTH(H155,0)-H155)),EXP(-Formula!$C$28*(EOMONTH(D155,0)-D155))) -> 1 | T155: =IFERROR(SQRT(1/COUNTIFS($E$2:$E$2277,E155,$O$2:$O$2277,O155)),1) -> 0.31622777 | U155: =P155*Q155*S155*T155 -> 0.11554476 | V155: =IF(AND(L155="Among all respondents",NOT(OR(K155="Online poll in Telegram channel",K155="Website online poll",K155="CAWI (Computer Assisted Web Interviewing)"))),1/(1-MIN(MAX(Formula!$C$33+(YEAR(D155)-Formula!$C$34)/(Formula!$C$35-Formula!$C$34)*(Formula!$C$32-Formula!$C$33),Formula!$C$33),Formula!$C$32)),1) -> 1.2820513 | W155: =IF(ISNUMBER(N155),N155*V155,"") -> 2.9487179
A156: 2220:Sergey Pritula | B156: 2220 | C156: https://ukraine-elections.com.ua/en/socopros/opinion_poll_show/2220 | D156: 2025-10-01 | E156: SOCIS | F156: Ukraine | G156: 2025-09-01 | H156: 2025-09-30 | I156: 2000 | J156: 2.6 | K156: CAPI | L156: Among all respondents | M156: Sergey Pritula | N156: 1.9 | O156: =DATE(YEAR(D156),MONTH(D156),1) -> 45931 | P156: =IFERROR(VLOOKUP(K156,Formula!$A$11:$B$20,2,FALSE),Formula!$C$26) -> 0.95 | Q156: =IF(AND(ISNUMBER(J156),J156>0),1/J156,IF(AND(ISNUMBER(I156),I156>0),SQRT(MIN(I156,Formula!$C$27))/Formula!$C$24,1/Formula!$C$25)) -> 0.38461538 | R156: =P156*Q156 -> 0.36538462 | S156: =IF(H156<>"",EXP(-Formula!$C$28*(EOMONTH(H156,0)-H156)),EXP(-Formula!$C$28*(EOMONTH(D156,0)-D156))) -> 1 | T156: =IFERROR(SQRT(1/COUNTIFS($E$2:$E$2277,E156,$O$2:$O$2277,O156)),1) -> 0.31622777 | U156: =P156*Q156*S156*T156 -> 0.11554476 | V156: =IF(AND(L156="Among all respondents",NOT(OR(K156="Online poll in Telegram channel",K156="Website online poll",K156="CAWI (Computer Assisted Web Interviewing)"))),1/(1-MIN(MAX(Formula!$C$33+(YEAR(D156)-Formula!$C$34)/(Formula!$C$35-Formula!$C$34)*(Formula!$C$32-Formula!$C$33),Formula!$C$33),Formula!$C$32)),1) -> 1.2820513 | W156: =IF(ISNUMBER(N156),N156*V156,"") -> 2.4358974
A157: 2220:Alexei Goncharenko | B157: 2220 | C157: https://ukraine-elections.com.ua/en/socopros/opinion_poll_show/2220 | D157: 2025-10-01 | E157: SOCIS | F157: Ukraine | G157: 2025-09-01 | H157: 2025-09-30 | I157: 2000 | J157: 2.6 | K157: CAPI | L157: Among all respondents | M157: Alexei Goncharenko | N157: 1.1 | O157: =DATE(YEAR(D157),MONTH(D157),1) -> 45931 | P157: =IFERROR(VLOOKUP(K157,Formula!$A$11:$B$20,2,FALSE),Formula!$C$26) -> 0.95 | Q157: =IF(AND(ISNUMBER(J157),J157>0),1/J157,IF(AND(ISNUMBER(I157),I157>0),SQRT(MIN(I157,Formula!$C$27))/Formula!$C$24,1/Formula!$C$25)) -> 0.38461538 | R157: =P157*Q157 -> 0.36538462 | S157: =IF(H157<>"",EXP(-Formula!$C$28*(EOMONTH(H157,0)-H157)),EXP(-Formula!$C$28*(EOMONTH(D157,0)-D157))) -> 1 | T157: =IFERROR(SQRT(1/COUNTIFS($E$2:$E$2277,E157,$O$2:$O$2277,O157)),1) -> 0.31622777 | U157: =P157*Q157*S157*T157 -> 0.11554476 | V157: =IF(AND(L157="Among all respondents",NOT(OR(K157="Online poll in Telegram channel",K157="Website online poll",K157="CAWI (Computer Assisted Web Interviewing)"))),1/(1-MIN(MAX(Formula!$C$33+(YEAR(D157)-Formula!$C$34)/(Formula!$C$35-Formula!$C$34)*(Formula!$C$32-Formula!$C$33),Formula!$C$33),Formula!$C$32)),1) -> 1.2820513 | W157: =IF(ISNUMBER(N157),N157*V157,"") -> 1.4102564
A158: 2220:Vitaly Klichko | B158: 2220 | C158: https://ukraine-elections.com.ua/en/socopros/opinion_poll_show/2220 | D158: 2025-10-01 | E158: SOCIS | F158: Ukraine | G158: 2025-09-01 | H158: 2025-09-30 | I158: 2000 | J158: 2.6 | K158: CAPI | L158: Among all respondents | M158: Vitaly Klichko | N158: 0.5 | O158: =DATE(YEAR(D158),MONTH(D158),1) -> 45931 | P158: =IFERROR(VLOOKUP(K158,Formula!$A$11:$B$20,2,FALSE),Formula!$C$26) -> 0.95 | Q158: =IF(AND(ISNUMBER(J158),J158>0),1/J158,IF(AND(ISNUMBER(I158),I158>0),SQRT(MIN(I158,Formula!$C$27))/Formula!$C$24,1/Formula!$C$25)) -> 0.38461538 | R158: =P158*Q158 -> 0.36538462 | S158: =IF(H158<>"",EXP(-Formula!$C$28*(EOMONTH(H158,0)-H158)),EXP(-Formula!$C$28*(EOMONTH(D158,0)-D158))) -> 1 | T158: =IFERROR(SQRT(1/COUNTIFS($E$2:$E$2277,E158,$O$2:$O$2277,O158)),1) -> 0.31622777 | U158: =P158*Q158*S158*T158 -> 0.11554476 | V158: =IF(AND(L158="Among all respondents",NOT(OR(K158="Online poll in Telegram channel",K158="Website online poll",K158="CAWI (Computer Assisted Web Interviewing)"))),1/(1-MIN(MAX(Formula!$C$33+(YEAR(D158)-Formula!$C$34)/(Formula!$C$35-Formula!$C$34)*(Formula!$C$32-Formula!$C$33),Formula!$C$33),Formula!$C$32)),1) -> 1.2820513 | W158: =IF(ISNUMBER(N158),N158*V158,"") -> 0.64102564
A159: 2214:Vladimir Zelenskiy | B159: 2214 | C159: https://ukraine-elections.com.ua/en/socopros/opinion_poll_show/2214 | D159: 2025-08-31 | E159: Rating | F159: Ukraine | G159: 2025-08-21 | H159: 2025-08-23 | I159: 1600 | J159: 2.5 | K159: CATI - computer-assisted telephone interviews | L159: Among all respondents | M159: Vladimir Zelenskiy | N159: 35.2 | O159: =DATE(YEAR(D159),MONTH(D159),1) -> 45870 | P159: =IFERROR(VLOOKUP(K159,Formula!$A$11:$B$20,2,FALSE),Formula!$C$26) -> 0.9 | Q159: =IF(AND(ISNUMBER(J159),J159>0),1/J159,IF(AND(ISNUMBER(I159),I159>0),SQRT(MIN(I159,Formula!$C$27))/Formula!$C$24,1/Formula!$C$25)) -> 0.4 | R159: =P159*Q159 -> 0.36 | S159: =IF(H159<>"",EXP(-Formula!$C$28*(EOMONTH(H159,0)-H159)),EXP(-Formula!$C$28*(EOMONTH(D159,0)-D159))) -> 0.67032005 | T159: =IFERROR(SQRT(1/COUNTIFS($E$2:$E$2277,E159,$O$2:$O$2277,O159)),1) -> 0.31622777 | U159: =P159*Q159*S159*T159 -> 0.076310572 | V159: =IF(AND(L159="Among all respondents",NOT(OR(K159="Online poll in Telegram channel",K159="Website online poll",K159="CAWI (Computer Assisted Web Interviewing)"))),1/(1-MIN(MAX(Formula!$C$33+(YEAR(D159)-Formula!$C$34)/(Formula!$C$35-Formula!$C$34)*(Formula!$C$32-Formula!$C$33),Formula!$C$33),Formula!$C$32)),1) -> 1.2820513 | W159: =IF(ISNUMBER(N159),N159*V159,"") -> 45.128205
A160: 2214:Valerii Zaluzhniy | B160: 2214 | C160: https://ukraine-elections.com.ua/en/socopros/opinion_poll_show/2214 | D160: 2025-08-31 | E160: Rating | F160: Ukraine | G160: 2025-08-21 | H160: 2025-08-23 | I160: 1600 | J160: 2.5 | K160: CATI - computer-assisted telephone interviews | L160: Among all respondents | M160: Valerii Zaluzhniy | N160: 25.3 | O160: =DATE(YEAR(D160),MONTH(D160),1) -> 45870 | P160: =IFERROR(VLOOKUP(K160,Formula!$A$11:$B$20,2,FALSE),Formula!$C$26) -> 0.9 | Q160: =IF(AND(ISNUMBER(J160),J160>0),1/J160,IF(AND(ISNUMBER(I160),I160>0),SQRT(MIN(I160,Formula!$C$27))/Formula!$C$24,1/Formula!$C$25)) -> 0.4 | R160: =P160*Q160 -> 0.36 | S160: =IF(H160<>"",EXP(-Formula!$C$28*(EOMONTH(H160,0)-H160)),EXP(-Formula!$C$28*(EOMONTH(D160,0)-D160))) -> 0.67032005 | T160: =IFERROR(SQRT(1/COUNTIFS($E$2:$E$2277,E160,$O$2:$O$2277,O160)),1) -> 0.31622777 | U160: =P160*Q160*S160*T160 -> 0.076310572 | V160: =IF(AND(L160="Among all respondents",NOT(OR(K160="Online poll in Telegram channel",K160="Website online poll",K160="CAWI (Computer Assisted Web Interviewing)"))),1/(1-MIN(MAX(Formula!$C$33+(YEAR(D160)-Formula!$C$34)/(Formula!$C$35-Formula!$C$34)*(Formula!$C$32-Formula!$C$33),Formula!$C$33),Formula!$C$32)),1) -> 1.2820513 | W160: =IF(ISNUMBER(N160),N160*V160,"") -> 32.435897
... A237: 2191:Vitaly Klichko | B237: 2191 | C237: https://ukraine-elections.com.ua/en/socopros/opinion_poll_show/2191 | D237: 2025-03-13 | E237: Ipsos | F237: Ukraine | G237: 2025-03-05 | H237: 2025-03-10 | I237: 1000 | J237: 3.1 | K237: CATI - computer-assisted telephone interviews | L237: Among those who will vote and have made their choice | M237: Vitaly Klichko | N237: 1 | O237: =DATE(YEAR(D237),MONTH(D237),1) -> 45717 | P237: =IFERROR(VLOOKUP(K237,Formula!$A$11:$B$20,2,FALSE),Formula!$C$26) -> 0.9 | Q237: =IF(AND(ISNUMBER(J237),J237>0),1/J237,IF(AND(ISNUMBER(I237),I237>0),SQRT(MIN(I237,Formula!$C$27))/Formula!$C$24,1/Formula!$C$25)) -> 0.32258065 | R237: =P237*Q237 -> 0.29032258 | S237: =IF(H237<>"",EXP(-Formula!$C$28*(EOMONTH(H237,0)-H237)),EXP(-Formula!$C$28*(EOMONTH(D237,0)-D237))) -> 0.34993775 | T237: =IFERROR(SQRT(1/COUNTIFS($E$2:$E$2277,E237,$O$2:$O$2277,O237)),1) -> 0.31622777 | U237: =P237*Q237*S237*T237 -> 0.032127106 | V237: =IF(AND(L237="Among all respondents",NOT(OR(K237="Online poll in Telegram channel",K237="Website online poll",K237="CAWI (Computer Assisted Web Interviewing)"))),1/(1-MIN(MAX(Formula!$C$33+(YEAR(D237)-Formula!$C$34)/(Formula!$C$35-Formula!$C$34)*(Formula!$C$32-Formula!$C$33),Formula!$C$33),Formula!$C$32)),1) -> 1 | W237: =IF(ISNUMBER(N237),N237*V237,"") -> 1
A238: 2185:Valerii Zaluzhniy | B238: 2185 | C238: https://ukraine-elections.com.ua/en/socopros/opinion_poll_show/2185 | D238: 2025-02-26 | E238: SOCIS | F238: Ukraine | G238: 2025-02-03 | H238: 2025-02-09 | I238: 2000 | K238: Personal interview face-to-face | L238: Among those who will vote and have made their choice | M238: Valerii Zaluzhniy | N238: 37.4 | O238: =DATE(YEAR(D238),MONTH(D238),1) -> 45689 | P238: =IFERROR(VLOOKUP(K238,Formula!$A$11:$B$20,2,FALSE),Formula!$C$26) -> 0.95 | Q238: =IF(AND(ISNUMBER(J238),J238>0),1/J238,IF(AND(ISNUMBER(I238),I238>0),SQRT(MIN(I238,Formula!$C$27))/Formula!$C$24,1/Formula!$C$25)) -> 0.4563404 | R238: =P238*Q238 -> 0.43352338 | S238: =IF(H238<>"",EXP(-Formula!$C$28*(EOMONTH(H238,0)-H238)),EXP(-Formula!$C$28*(EOMONTH(D238,0)-D238))) -> 0.38674102 | T238: =IFERROR(SQRT(1/COUNTIFS($E$2:$E$2277,E238,$O$2:$O$2277,O238)),1) -> 0.26726124 | U238: =P238*Q238*S238*T238 -> 0.044809361 | V238: =IF(AND(L238="Among all respondents",NOT(OR(K238="Online poll in Telegram channel",K238="Website online poll",K238="CAWI (Computer Assisted Web Interviewing)"))),1/(1-MIN(MAX(Formula!$C$33+(YEAR(D238)-Formula!$C$34)/(Formula!$C$35-Formula!$C$34)*(Formula!$C$32-Formula!$C$33),Formula!$C$33),Formula!$C$32)),1) -> 1 | W238: =IF(ISNUMBER(N238),N238*V238,"") -> 37.4
A239: 2185:Vladimir Zelenskiy | B239: 2185 | C239: https://ukraine-elections.com.ua/en/socopros/opinion_poll_show/2185 | D239: 2025-02-26 | E239: SOCIS | F239: Ukraine | G239: 2025-02-03 | H239: 2025-02-09 | I239: 2000 | K239: Personal interview face-to-face | L239: Among those who will vote and have made their choice | M239: Vladimir Zelenskiy | N239: 21.9 | O239: =DATE(YEAR(D239),MONTH(D239),1) -> 45689 | P239: =IFERROR(VLOOKUP(K239,Formula!$A$11:$B$20,2,FALSE),Formula!$C$26) -> 0.95 | Q239: =IF(AND(ISNUMBER(J239),J239>0),1/J239,IF(AND(ISNUMBER(I239),I239>0),SQRT(MIN(I239,Formula!$C$27))/Formula!$C$24,1/Formula!$C$25)) -> 0.4563404 | R239: =P239*Q239 -> 0.43352338 | S239: =IF(H239<>"",EXP(-Formula!$C$28*(EOMONTH(H239,0)-H239)),EXP(-Formula!$C$28*(EOMONTH(D239,0)-D239))) -> 0.38674102 | T239: =IFERROR(SQRT(1/COUNTIFS($E$2:$E$2277,E239,$O$2:$O$2277,O239)),1) -> 0.26726124 | U239: =P239*Q239*S239*T239 -> 0.044809361 | V239: =IF(AND(L239="Among all respondents",NOT(OR(K239="Online poll in Telegram channel",K239="Website online poll",K239="CAWI (Computer Assisted Web Interviewing)"))),1/(1-MIN(MAX(Formula!$C$33+(YEAR(D239)-Formula!$C$34)/(Formula!$C$35-Formula!$C$34)*(Formula!$C$32-Formula!$C$33),Formula!$C$33),Formula!$C$32)),1) -> 1 | W239: =IF(ISNUMBER(N239),N239*V239,"") -> 21.9
A240: 2185:Pyotr Poroshenko | B240: 2185 | C240: https://ukraine-elections.com.ua/en/socopros/opinion_poll_show/2185 | D240: 2025-02-26 | E240: SOCIS | F240: Ukraine | G240: 2025-02-03 | H240: 2025-02-09 | I240: 2000 | K240: Personal interview face-to-face | L240: Among those who will vote and have made their choice | M240: Pyotr Poroshenko | N240: 7.7 | O240: =DATE(YEAR(D240),MONTH(D240),1) -> 45689 | P240: =IFERROR(VLOOKUP(K240,Formula!$A$11:$B$20,2,FALSE),Formula!$C$26) -> 0.95 | Q240: =IF(AND(ISNUMBER(J240),J240>0),1/J240,IF(AND(ISNUMBER(I240),I240>0),SQRT(MIN(I240,Formula!$C$27))/Formula!$C$24,1/Formula!$C$25)) -> 0.4563404 | R240: =P240*Q240 -> 0.43352338 | S240: =IF(H240<>"",EXP(-Formula!$C$28*(EOMONTH(H240,0)-H240)),EXP(-Formula!$C$28*(EOMONTH(D240,0)-D240))) -> 0.38674102 | T240: =IFERROR(SQRT(1/COUNTIFS($E$2:$E$2277,E240,$O$2:$O$2277,O240)),1) -> 0.26726124 | U240: =P240*Q240*S240*T240 -> 0.044809361 | V240: =IF(AND(L240="Among all respondents",NOT(OR(K240="Online poll in Telegram channel",K240="Website online poll",K240="CAWI (Computer Assisted Web Interviewing)"))),1/(1-MIN(MAX(Formula!$C$33+(YEAR(D240)-Formula!$C$34)/(Formula!$C$35-Formula!$C$34)*(Formula!$C$32-Formula!$C$33),Formula!$C$33),Formula!$C$32)),1) -> 1 | W240: =IF(ISNUMBER(N240),N240*V240,"") -> 7.7
A241: 2185:Kyrylo Budanov | B241: 2185 | C241: https://ukraine-elections.com.ua/en/socopros/opinion_poll_show/2185 | D241: 2025-02-26 | E241: SOCIS | F241: Ukraine | G241: 2025-02-03 | H241: 2025-02-09 | I241: 2000 | K241: Personal interview face-to-face | L241: Among those who will vote and have made their choice | M241: Kyrylo Budanov | N241: 4.4 | O241: =DATE(YEAR(D241),MONTH(D241),1) -> 45689 | P241: =IFERROR(VLOOKUP(K241,Formula!$A$11:$B$20,2,FALSE),Formula!$C$26) -> 0.95 | Q241: =IF(AND(ISNUMBER(J241),J241>0),1/J241,IF(AND(ISNUMBER(I241),I241>0),SQRT(MIN(I241,Formula!$C$27))/Formula!$C$24,1/Formula!$C$25)) -> 0.4563404 | R241: =P241*Q241 -> 0.43352338 | S241: =IF(H241<>"",EXP(-Formula!$C$28*(EOMONTH(H241,0)-H241)),EXP(-Formula!$C$28*(EOMONTH(D241,0)-D241))) -> 0.38674102 | T241: =IFERROR(SQRT(1/COUNTIFS($E$2:$E$2277,E241,$O$2:$O$2277,O241)),1) -> 0.26726124 | U241: =P241*Q241*S241*T241 -> 0.044809361 | V241: =IF(AND(L241="Among all respondents",NOT(OR(K241="Online poll in Telegram channel",K241="Website online poll",K241="CAWI (Computer Assisted Web Interviewing)"))),1/(1-MIN(MAX(Formula!$C$33+(YEAR(D241)-Formula!$C$34)/(Formula!$C$35-Formula!$C$34)*(Formula!$C$32-Formula!$C$33),Formula!$C$33),Formula!$C$32)),1) -> 1 | W241: =IF(ISNUMBER(N241),N241*V241,"") -> 4.4
A242: 2185:Andrei Bileckiy | B242: 2185 | C242: https://ukraine-elections.com.ua/en/socopros/opinion_poll_show/2185 | D242: 2025-02-26 | E242: SOCIS | F242: Ukraine | G242: 2025-02-03 | H242: 2025-02-09 | I242: 2000 | K242: Personal interview face-to-face | L242: Among those who will vote and have made their choice | M242: Andrei Bileckiy | N242: 3.9 | O242: =DATE(YEAR(D242),MONTH(D242),1) -> 45689 | P242: =IFERROR(VLOOKUP(K242,Formula!$A$11:$B$20,2,FALSE),Formula!$C$26) -> 0.95 | Q242: =IF(AND(ISNUMBER(J242),J242>0),1/J242,IF(AND(ISNUMBER(I242),I242>0),SQRT(MIN(I242,Formula!$C$27))/Formula!$C$24,1/Formula!$C$25)) -> 0.4563404 | R242: =P242*Q242 -> 0.43352338 | S242: =IF(H242<>"",EXP(-Formula!$C$28*(EOMONTH(H242,0)-H242)),EXP(-Formula!$C$28*(EOMONTH(D242,0)-D242))) -> 0.38674102 | T242: =IFERROR(SQRT(1/COUNTIFS($E$2:$E$2277,E242,$O$2:$O$2277,O242)),1) -> 0.26726124 | U242: =P242*Q242*S242*T242 -> 0.044809361 | V242: =IF(AND(L242="Among all respondents",NOT(OR(K242="Online poll in Telegram channel",K242="Website online poll",K242="CAWI (Computer Assisted Web Interviewing)"))),1/(1-MIN(MAX(Formula!$C$33+(YEAR(D242)-Formula!$C$34)/(Formula!$C$35-Formula!$C$34)*(Formula!$C$32-Formula!$C$33),Formula!$C$33),Formula!$C$32)),1) -> 1 | W242: =IF(ISNUMBER(N242),N242*V242,"") -> 3.9
A243: 2185:Yulia Timoshenko | B243: 2185 | C243: https://ukraine-elections.com.ua/en/socopros/opinion_poll_show/2185 | D243: 2025-02-26 | E243: SOCIS | F243: Ukraine | G243: 2025-02-03 | H243: 2025-02-09 | I243: 2000 | K243: Personal interview face-to-face | L243: Among those who will vote and have made their choice | M243: Yulia Timoshenko | N243: 3.7 | O243: =DATE(YEAR(D243),MONTH(D243),1) -> 45689 | P243: =IFERROR(VLOOKUP(K243,Formula!$A$11:$B$20,2,FALSE),Formula!$C$26) -> 0.95 | Q243: =IF(AND(ISNUMBER(J243),J243>0),1/J243,IF(AND(ISNUMBER(I243),I243>0),SQRT(MIN(I243,Formula!$C$27))/Formula!$C$24,1/Formula!$C$25)) -> 0.4563404 | R243: =P243*Q243 -> 0.43352338 | S243: =IF(H243<>"",EXP(-Formula!$C$28*(EOMONTH(H243,0)-H243)),EXP(-Formula!$C$28*(EOMONTH(D243,0)-D243))) -> 0.38674102 | T243: =IFERROR(SQRT(1/COUNTIFS($E$2:$E$2277,E243,$O$2:$O$2277,O243)),1) -> 0.26726124 | U243: =P243*Q243*S243*T243 -> 0.044809361 | V243: =IF(AND(L243="Among all respondents",NOT(OR(K243="Online poll in Telegram channel",K243="Website online poll",K243="CAWI (Computer Assisted Web Interviewing)"))),1/(1-MIN(MAX(Formula!$C$33+(YEAR(D243)-Formula!$C$34)/(Formula!$C$35-Formula!$C$34)*(Formula!$C$32-Formula!$C$33),Formula!$C$33),Formula!$C$32)),1) -> 1 | W243: =IF(ISNUMBER(N243),N243*V243,"") -> 3.7
A244: 2185:Dmitriy Razumkov | B244: 2185 | C244: https://ukraine-elections.com.ua/en/socopros/opinion_poll_show/2185 | D244: 2025-02-26 | E244: SOCIS | F244: Ukraine | G244: 2025-02-03 | H244: 2025-02-09 | I244: 2000 | K244: Personal interview face-to-face | L244: Among those who will vote and have made their choice | M244: Dmitriy Razumkov | N244: 3.6 | O244: =DATE(YEAR(D244),MONTH(D244),1) -> 45689 | P244: =IFERROR(VLOOKUP(K244,Formula!$A$11:$B$20,2,FALSE),Formula!$C$26) -> 0.95 | Q244: =IF(AND(ISNUMBER(J244),J244>0),1/J244,IF(AND(ISNUMBER(I244),I244>0),SQRT(MIN(I244,Formula!$C$27))/Formula!$C$24,1/Formula!$C$25)) -> 0.4563404 | R244: =P244*Q244 -> 0.43352338 | S244: =IF(H244<>"",EXP(-Formula!$C$28*(EOMONTH(H244,0)-H244)),EXP(-Formula!$C$28*(EOMONTH(D244,0)-D244))) -> 0.38674102 | T244: =IFERROR(SQRT(1/COUNTIFS($E$2:$E$2277,E244,$O$2:$O$2277,O244)),1) -> 0.26726124 | U244: =P244*Q244*S244*T244 -> 0.044809361 | V244: =IF(AND(L244="Among all respondents",NOT(OR(K244="Online poll in Telegram channel",K244="Website online poll",K244="CAWI (Computer Assisted Web Interviewing)"))),1/(1-MIN(MAX(Formula!$C$33+(YEAR(D244)-Formula!$C$34)/(Formula!$C$35-Formula!$C$34)*(Formula!$C$32-Formula!$C$33),Formula!$C$33),Formula!$C$32)),1) -> 1 | W244: =IF(ISNUMBER(N244),N244*V244,"") -> 3.6
A245: 2185:Sergey Pritula | B245: 2185 | C245: https://ukraine-elections.com.ua/en/socopros/opinion_poll_show/2185 | D245: 2025-02-26 | E245: SOCIS | F245: Ukraine | G245: 2025-02-03 | H245: 2025-02-09 | I245: 2000 | K245: Personal interview face-to-face | L245: Among those who will vote and have made their choice | M245: Sergey Pritula | N245: 2.5 | O245: =DATE(YEAR(D245),MONTH(D245),1) -> 45689 | P245: =IFERROR(VLOOKUP(K245,Formula!$A$11:$B$20,2,FALSE),Formula!$C$26) -> 0.95 | Q245: =IF(AND(ISNUMBER(J245),J245>0),1/J245,IF(AND(ISNUMBER(I245),I245>0),SQRT(MIN(I245,Formula!$C$27))/Formula!$C$24,1/Formula!$C$25)) -> 0.4563404 | R245: =P245*Q245 -> 0.43352338 | S245: =IF(H245<>"",EXP(-Formula!$C$28*(EOMONTH(H245,0)-H245)),EXP(-Formula!$C$28*(EOMONTH(D245,0)-D245))) -> 0.38674102 | T245: =IFERROR(SQRT(1/COUNTIFS($E$2:$E$2277,E245,$O$2:$O$2277,O245)),1) -> 0.26726124 | U245: =P245*Q245*S245*T245 -> 0.044809361 | V245: =IF(AND(L245="Among all respondents",NOT(OR(K245="Online poll in Telegram channel",K245="Website online poll",K245="CAWI (Computer Assisted Web Interviewing)"))),1/(1-MIN(MAX(Formula!$C$33+(YEAR(D245)-Formula!$C$34)/(Formula!$C$35-Formula!$C$34)*(Formula!$C$32-Formula!$C$33),Formula!$C$33),Formula!$C$32)),1) -> 1 | W245: =IF(ISNUMBER(N245),N245*V245,"") -> 2.5
A246: 2185:Igor Terehov | B246: 2185 | C246: https://ukraine-elections.com.ua/en/socopros/opinion_poll_show/2185 | D246: 2025-02-26 | E246: SOCIS | F246: Ukraine | G246: 2025-02-03 | H246: 2025-02-09 | I246: 2000 | K246: Personal interview face-to-face | L246: Among those who will vote and have made their choice | M246: Igor Terehov | N246: 2.4 | O246: =DATE(YEAR(D246),MONTH(D246),1) -> 45689 | P246: =IFERROR(VLOOKUP(K246,Formula!$A$11:$B$20,2,FALSE),Formula!$C$26) -> 0.95 | Q246: =IF(AND(ISNUMBER(J246),J246>0),1/J246,IF(AND(ISNUMBER(I246),I246>0),SQRT(MIN(I246,Formula!$C$27))/Formula!$C$24,1/Formula!$C$25)) -> 0.4563404 | R246: =P246*Q246 -> 0.43352338 | S246: =IF(H246<>"",EXP(-Formula!$C$28*(EOMONTH(H246,0)-H246)),EXP(-Formula!$C$28*(EOMONTH(D246,0)-D246))) -> 0.38674102 | T246: =IFERROR(SQRT(1/COUNTIFS($E$2:$E$2277,E246,$O$2:$O$2277,O246)),1) -> 0.26726124 | U246: =P246*Q246*S246*T246 -> 0.044809361 | V246: =IF(AND(L246="Among all respondents",NOT(OR(K246="Online poll in Telegram channel",K246="Website online poll",K246="CAWI (Computer Assisted Web Interviewing)"))),1/(1-MIN(MAX(Formula!$C$33+(YEAR(D246)-Formula!$C$34)/(Formula!$C$35-Formula!$C$34)*(Formula!$C$32-Formula!$C$33),Formula!$C$33),Formula!$C$32)),1) -> 1 | W246: =IF(ISNUMBER(N246),N246*V246,"") -> 2.4
A247: 2185:Denis Prokopenko | B247: 2185 | C247: https://ukraine-elections.com.ua/en/socopros/opinion_poll_show/2185 | D247: 2025-02-26 | E247: SOCIS | F247: Ukraine | G247: 2025-02-03 | H247: 2025-02-09 | I247: 2000 | K247: Personal interview face-to-face | L247: Among those who will vote and have made their choice | M247: Denis Prokopenko | N247: 1.7 | O247: =DATE(YEAR(D247),MONTH(D247),1) -> 45689 | P247: =IFERROR(VLOOKUP(K247,Formula!$A$11:$B$20,2,FALSE),Formula!$C$26) -> 0.95 | Q247: =IF(AND(ISNUMBER(J247),J247>0),1/J247,IF(AND(ISNUMBER(I247),I247>0),SQRT(MIN(I247,Formula!$C$27))/Formula!$C$24,1/Formula!$C$25)) -> 0.4563404 | R247: =P247*Q247 -> 0.43352338 | S247: =IF(H247<>"",EXP(-Formula!$C$28*(EOMONTH(H247,0)-H247)),EXP(-Formula!$C$28*(EOMONTH(D247,0)-D247))) -> 0.38674102 | T247: =IFERROR(SQRT(1/COUNTIFS($E$2:$E$2277,E247,$O$2:$O$2277,O247)),1) -> 0.26726124 | U247: =P247*Q247*S247*T247 -> 0.044809361 | V247: =IF(AND(L247="Among all respondents",NOT(OR(K247="Online poll in Telegram channel",K247="Website online poll",K247="CAWI (Computer Assisted Web Interviewing)"))),1/(1-MIN(MAX(Formula!$C$33+(YEAR(D247)-Formula!$C$34)/(Formula!$C$35-Formula!$C$34)*(Formula!$C$32-Formula!$C$33),Formula!$C$33),Formula!$C$32)),1) -> 1 | W247: =IF(ISNUMBER(N247),N247*V247,"") -> 1.7
A248: 2185:Oleksiy Arestovych | B248: 2185 | C248: https://ukraine-elections.com.ua/en/socopros/opinion_poll_show/2185 | D248: 2025-02-26 | E248: SOCIS | F248: Ukraine | G248: 2025-02-03 | H248: 2025-02-09 | I248: 2000 | K248: Personal interview face-to-face | L248: Among those who will vote and have made their choice | M248: Oleksiy Arestovych | N248: 1.1 | O248: =DATE(YEAR(D248),MONTH(D248),1) -> 45689 | P248: =IFERROR(VLOOKUP(K248,Formula!$A$11:$B$20,2,FALSE),Formula!$C$26) -> 0.95 | Q248: =IF(AND(ISNUMBER(J248),J248>0),1/J248,IF(AND(ISNUMBER(I248),I248>0),SQRT(MIN(I248,Formula!$C$27))/Formula!$C$24,1/Formula!$C$25)) -> 0.4563404 | R248: =P248*Q248 -> 0.43352338 | S248: =IF(H248<>"",EXP(-Formula!$C$28*(EOMONTH(H248,0)-H248)),EXP(-Formula!$C$28*(EOMONTH(D248,0)-D248))) -> 0.38674102 | T248: =IFERROR(SQRT(1/COUNTIFS($E$2:$E$2277,E248,$O$2:$O$2277,O248)),1) -> 0.26726124 | U248: =P248*Q248*S248*T248 -> 0.044809361 | V248: =IF(AND(L248="Among all respondents",NOT(OR(K248="Online poll in Telegram channel",K248="Website online poll",K248="CAWI (Computer Assisted Web Interviewing)"))),1/(1-MIN(MAX(Formula!$C$33+(YEAR(D248)-Formula!$C$34)/(Formula!$C$35-Formula!$C$34)*(Formula!$C$32-Formula!$C$33),Formula!$C$33),Formula!$C$32)),1) -> 1 | W248: =IF(ISNUMBER(N248),N248*V248,"") -> 1.1
A249: 2185:Vitaly Klichko | B249: 2185 | C249: https://ukraine-elections.com.ua/en/socopros/opinion_poll_show/2185 | D249: 2025-02-26 | E249: SOCIS | F249: Ukraine | G249: 2025-02-03 | H249: 2025-02-09 | I249: 2000 | K249: Personal interview face-to-face | L249: Among those who will vote and have made their choice | M249: Vitaly Klichko | N249: 1.1 | O249: =DATE(YEAR(D249),MONTH(D249),1) -> 45689 | P249: =IFERROR(VLOOKUP(K249,Formula!$A$11:$B$20,2,FALSE),Formula!$C$26) -> 0.95 | Q249: =IF(AND(ISNUMBER(J249),J249>0),1/J249,IF(AND(ISNUMBER(I249),I249>0),SQRT(MIN(I249,Formula!$C$27))/Formula!$C$24,1/Formula!$C$25)) -> 0.4563404 | R249: =P249*Q249 -> 0.43352338 | S249: =IF(H249<>"",EXP(-Formula!$C$28*(EOMONTH(H249,0)-H249)),EXP(-Formula!$C$28*(EOMONTH(D249,0)-D249))) -> 0.38674102 | T249: =IFERROR(SQRT(1/COUNTIFS($E$2:$E$2277,E249,$O$2:$O$2277,O249)),1) -> 0.26726124 | U249: =P249*Q249*S249*T249 -> 0.044809361 | V249: =IF(AND(L249="Among all respondents",NOT(OR(K249="Online poll in Telegram channel",K249="Website online poll",K249="CAWI (Computer Assisted Web Interviewing)"))),1/(1-MIN(MAX(Formula!$C$33+(YEAR(D249)-Formula!$C$34)/(Formula!$C$35-Formula!$C$34)*(Formula!$C$32-Formula!$C$33),Formula!$C$33),Formula!$C$32)),1) -> 1 | W249: =IF(ISNUMBER(N249),N249*V249,"") -> 1.1
... A262: 2179:Alexei Goncharenko | B262: 2179 | C262: https://ukraine-elections.com.ua/en/socopros/opinion_poll_show/2179 | D262: 2025-01-21 | E262: SOCIS | F262: Ukraine | G262: 2024-12-05 | H262: 2024-12-11 | I262: 2000 | K262: CATI - computer-assisted telephone interviews | L262: Among those who will vote and have made their choice | M262: Alexei Goncharenko | N262: 1.4 | O262: =DATE(YEAR(D262),MONTH(D262),1) -> 45658 | P262: =IFERROR(VLOOKUP(K262,Formula!$A$11:$B$20,2,FALSE),Formula!$C$26) -> 0.9 | Q262: =IF(AND(ISNUMBER(J262),J262>0),1/J262,IF(AND(ISNUMBER(I262),I262>0),SQRT(MIN(I262,Formula!$C$27))/Formula!$C$24,1/Formula!$C$25)) -> 0.4563404 | R262: =P262*Q262 -> 0.41070636 | S262: =IF(H262<>"",EXP(-Formula!$C$28*(EOMONTH(H262,0)-H262)),EXP(-Formula!$C$28*(EOMONTH(D262,0)-D262))) -> 0.36787944 | T262: =IFERROR(SQRT(1/COUNTIFS($E$2:$E$2277,E262,$O$2:$O$2277,O262)),1) -> 0.31622777 | U262: =P262*Q262*S262*T262 -> 0.047778988 | V262: =IF(AND(L262="Among all respondents",NOT(OR(K262="Online poll in Telegram channel",K262="Website online poll",K262="CAWI (Computer Assisted Web Interviewing)"))),1/(1-MIN(MAX(Formula!$C$33+(YEAR(D262)-Formula!$C$34)/(Formula!$C$35-Formula!$C$34)*(Formula!$C$32-Formula!$C$33),Formula!$C$33),Formula!$C$32)),1) -> 1 | W262: =IF(ISNUMBER(N262),N262*V262,"") -> 1.4
A263: 2177:Valerii Zaluzhniy | B263: 2177 | C263: https://ukraine-elections.com.ua/en/socopros/opinion_poll_show/2177 | D263: 2025-01-02 | E263: LLI | F263: Ukraine | G263: 2024-12-19 | H263: 2024-12-24 | I263: 5094 | J263: 2 | K263: Combined CATI and F2F | L263: Among all respondents | M263: Valerii Zaluzhniy | N263: 24.29 | O263: =DATE(YEAR(D263),MONTH(D263),1) -> 45658 | P263: =IFERROR(VLOOKUP(K263,Formula!$A$11:$B$20,2,FALSE),Formula!$C$26) -> 1 | Q263: =IF(AND(ISNUMBER(J263),J263>0),1/J263,IF(AND(ISNUMBER(I263),I263>0),SQRT(MIN(I263,Formula!$C$27))/Formula!$C$24,1/Formula!$C$25)) -> 0.5 | R263: =P263*Q263 -> 0.5 | S263: =IF(H263<>"",EXP(-Formula!$C$28*(EOMONTH(H263,0)-H263)),EXP(-Formula!$C$28*(EOMONTH(D263,0)-D263))) -> 0.70468809 | T263: =IFERROR(SQRT(1/COUNTIFS($E$2:$E$2277,E263,$O$2:$O$2277,O263)),1) -> 0.30151134 | U263: =P263*Q263*S263*T263 -> 0.10623573 | V263: =IF(AND(L263="Among all respondents",NOT(OR(K263="Online poll in Telegram channel",K263="Website online poll",K263="CAWI (Computer Assisted Web Interviewing)"))),1/(1-MIN(MAX(Formula!$C$33+(YEAR(D263)-Formula!$C$34)/(Formula!$C$35-Formula!$C$34)*(Formula!$C$32-Formula!$C$33),Formula!$C$33),Formula!$C$32)),1) -> 1.2820513 | W263: =IF(ISNUMBER(N263),N263*V263,"") -> 31.141026
A264: 2177:Vladimir Zelenskiy | B264: 2177 | C264: https://ukraine-elections.com.ua/en/socopros/opinion_poll_show/2177 | D264: 2025-01-02 | E264: LLI | F264: Ukraine | G264: 2024-12-19 | H264: 2024-12-24 | I264: 5094 | J264: 2 | K264: Combined CATI and F2F | L264: Among all respondents | M264: Vladimir Zelenskiy | N264: 16.07 | O264: =DATE(YEAR(D264),MONTH(D264),1) -> 45658 | P264: =IFERROR(VLOOKUP(K264,Formula!$A$11:$B$20,2,FALSE),Formula!$C$26) -> 1 | Q264: =IF(AND(ISNUMBER(J264),J264>0),1/J264,IF(AND(ISNUMBER(I264),I264>0),SQRT(MIN(I264,Formula!$C$27))/Formula!$C$24,1/Formula!$C$25)) -> 0.5 | R264: =P264*Q264 -> 0.5 | S264: =IF(H264<>"",EXP(-Formula!$C$28*(EOMONTH(H264,0)-H264)),EXP(-Formula!$C$28*(EOMONTH(D264,0)-D264))) -> 0.70468809 | T264: =IFERROR(SQRT(1/COUNTIFS($E$2:$E$2277,E264,$O$2:$O$2277,O264)),1) -> 0.30151134 | U264: =P264*Q264*S264*T264 -> 0.10623573 | V264: =IF(AND(L264="Among all respondents",NOT(OR(K264="Online poll in Telegram channel",K264="Website online poll",K264="CAWI (Computer Assisted Web Interviewing)"))),1/(1-MIN(MAX(Formula!$C$33+(YEAR(D264)-Formula!$C$34)/(Formula!$C$35-Formula!$C$34)*(Formula!$C$32-Formula!$C$33),Formula!$C$33),Formula!$C$32)),1) -> 1.2820513 | W264: =IF(ISNUMBER(N264),N264*V264,"") -> 20.602564
A265: 2177:Yulia Timoshenko | B265: 2177 | C265: https://ukraine-elections.com.ua/en/socopros/opinion_poll_show/2177 | D265: 2025-01-02 | E265: LLI | F265: Ukraine | G265: 2024-12-19 | H265: 2024-12-24 | I265: 5094 | J265: 2 | K265: Combined CATI and F2F | L265: Among all respondents | M265: Yulia Timoshenko | N265: 12.62 | O265: =DATE(YEAR(D265),MONTH(D265),1) -> 45658 | P265: =IFERROR(VLOOKUP(K265,Formula!$A$11:$B$20,2,FALSE),Formula!$C$26) -> 1 | Q265: =IF(AND(ISNUMBER(J265),J265>0),1/J265,IF(AND(ISNUMBER(I265),I265>0),SQRT(MIN(I265,Formula!$C$27))/Formula!$C$24,1/Formula!$C$25)) -> 0.5 | R265: =P265*Q265 -> 0.5 | S265: =IF(H265<>"",EXP(-Formula!$C$28*(EOMONTH(H265,0)-H265)),EXP(-Formula!$C$28*(EOMONTH(D265,0)-D265))) -> 0.70468809 | T265: =IFERROR(SQRT(1/COUNTIFS($E$2:$E$2277,E265,$O$2:$O$2277,O265)),1) -> 0.30151134 | U265: =P265*Q265*S265*T265 -> 0.10623573 | V265: =IF(AND(L265="Among all respondents",NOT(OR(K265="Online poll in Telegram channel",K265="Website online poll",K265="CAWI (Computer Assisted Web Interviewing)"))),1/(1-MIN(MAX(Formula!$C$33+(YEAR(D265)-Formula!$C$34)/(Formula!$C$35-Formula!$C$34)*(Formula!$C$32-Formula!$C$33),Formula!$C$33),Formula!$C$32)),1) -> 1.2820513 | W265: =IF(ISNUMBER(N265),N265*V265,"") -> 16.179487
A266: 2177:Pyotr Poroshenko | B266: 2177 | C266: https://ukraine-elections.com.ua/en/socopros/opinion_poll_show/2177 | D266: 2025-01-02 | E266: LLI | F266: Ukraine | G266: 2024-12-19 | H266: 2024-12-24 | I266: 5094 | J266: 2 | K266: Combined CATI and F2F | L266: Among all respondents | M266: Pyotr Poroshenko | N266: 6.89 | O266: =DATE(YEAR(D266),MONTH(D266),1) -> 45658 | P266: =IFERROR(VLOOKUP(K266,Formula!$A$11:$B$20,2,FALSE),Formula!$C$26) -> 1 | Q266: =IF(AND(ISNUMBER(J266),J266>0),1/J266,IF(AND(ISNUMBER(I266),I266>0),SQRT(MIN(I266,Formula!$C$27))/Formula!$C$24,1/Formula!$C$25)) -> 0.5 | R266: =P266*Q266 -> 0.5 | S266: =IF(H266<>"",EXP(-Formula!$C$28*(EOMONTH(H266,0)-H266)),EXP(-Formula!$C$28*(EOMONTH(D266,0)-D266))) -> 0.70468809 | T266: =IFERROR(SQRT(1/COUNTIFS($E$2:$E$2277,E266,$O$2:$O$2277,O266)),1) -> 0.30151134 | U266: =P266*Q266*S266*T266 -> 0.10623573 | V266: =IF(AND(L266="Among all respondents",NOT(OR(K266="Online poll in Telegram channel",K266="Website online poll",K266="CAWI (Computer Assisted Web Interviewing)"))),1/(1-MIN(MAX(Formula!$C$33+(YEAR(D266)-Formula!$C$34)/(Formula!$C$35-Formula!$C$34)*(Formula!$C$32-Formula!$C$33),Formula!$C$33),Formula!$C$32)),1) -> 1.2820513 | W266: =IF(ISNUMBER(N266),N266*V266,"") -> 8.8333333
A267: 2177:Vitaly Klichko | B267: 2177 | C267: https://ukraine-elections.com.ua/en/socopros/opinion_poll_show/2177 | D267: 2025-01-02 | E267: LLI | F267: Ukraine | G267: 2024-12-19 | H267: 2024-12-24 | I267: 5094 | J267: 2 | K267: Combined CATI and F2F | L267: Among all respondents | M267: Vitaly Klichko | N267: 4.99 | O267: =DATE(YEAR(D267),MONTH(D267),1) -> 45658 | P267: =IFERROR(VLOOKUP(K267,Formula!$A$11:$B$20,2,FALSE),Formula!$C$26) -> 1 | Q267: =IF(AND(ISNUMBER(J267),J267>0),1/J267,IF(AND(ISNUMBER(I267),I267>0),SQRT(MIN(I267,Formula!$C$27))/Formula!$C$24,1/Formula!$C$25)) -> 0.5 | R267: =P267*Q267 -> 0.5 | S267: =IF(H267<>"",EXP(-Formula!$C$28*(EOMONTH(H267,0)-H267)),EXP(-Formula!$C$28*(EOMONTH(D267,0)-D267))) -> 0.70468809 | T267: =IFERROR(SQRT(1/COUNTIFS($E$2:$E$2277,E267,$O$2:$O$2277,O267)),1) -> 0.30151134 | U267: =P267*Q267*S267*T267 -> 0.10623573 | V267: =IF(AND(L267="Among all respondents",NOT(OR(K267="Online poll in Telegram channel",K267="Website online poll",K267="CAWI (Computer Assisted Web Interviewing)"))),1/(1-MIN(MAX(Formula!$C$33+(YEAR(D267)-Formula!$C$34)/(Formula!$C$35-Formula!$C$34)*(Formula!$C$32-Formula!$C$33),Formula!$C$33),Formula!$C$32)),1) -> 1.2820513 | W267: =IF(ISNUMBER(N267),N267*V267,"") -> 6.3974359
A268: 2177:Dmitriy Razumkov | B268: 2177 | C268: https://ukraine-elections.com.ua/en/socopros/opinion_poll_show/2177 | D268: 2025-01-02 | E268: LLI | F268: Ukraine | G268: 2024-12-19 | H268: 2024-12-24 | I268: 5094 | J268: 2 | K268: Combined CATI and F2F | L268: Among all respondents | M268: Dmitriy Razumkov | N268: 1.45 | O268: =DATE(YEAR(D268),MONTH(D268),1) -> 45658 | P268: =IFERROR(VLOOKUP(K268,Formula!$A$11:$B$20,2,FALSE),Formula!$C$26) -> 1 | Q268: =IF(AND(ISNUMBER(J268),J268>0),1/J268,IF(AND(ISNUMBER(I268),I268>0),SQRT(MIN(I268,Formula!$C$27))/Formula!$C$24,1/Formula!$C$25)) -> 0.5 | R268: =P268*Q268 -> 0.5 | S268: =IF(H268<>"",EXP(-Formula!$C$28*(EOMONTH(H268,0)-H268)),EXP(-Formula!$C$28*(EOMONTH(D268,0)-D268))) -> 0.70468809 | T268: =IFERROR(SQRT(1/COUNTIFS($E$2:$E$2277,E268,$O$2:$O$2277,O268)),1) -> 0.30151134 | U268: =P268*Q268*S268*T268 -> 0.10623573 | V268: =IF(AND(L268="Among all respondents",NOT(OR(K268="Online poll in Telegram channel",K268="Website online poll",K268="CAWI (Computer Assisted Web Interviewing)"))),1/(1-MIN(MAX(Formula!$C$33+(YEAR(D268)-Formula!$C$34)/(Formula!$C$35-Formula!$C$34)*(Formula!$C$32-Formula!$C$33),Formula!$C$33),Formula!$C$32)),1) -> 1.2820513 | W268: =IF(ISNUMBER(N268),N268*V268,"") -> 1.8589744
A269: 2177:Kyrylo Budanov | B269: 2177 | C269: https://ukraine-elections.com.ua/en/socopros/opinion_poll_show/2177 | D269: 2025-01-02 | E269: LLI | F269: Ukraine | G269: 2024-12-19 | H269: 2024-12-24 | I269: 5094 | J269: 2 | K269: Combined CATI and F2F | L269: Among all respondents | M269: Kyrylo Budanov | N269: 1.33 | O269: =DATE(YEAR(D269),MONTH(D269),1) -> 45658 | P269: =IFERROR(VLOOKUP(K269,Formula!$A$11:$B$20,2,FALSE),Formula!$C$26) -> 1 | Q269: =IF(AND(ISNUMBER(J269),J269>0),1/J269,IF(AND(ISNUMBER(I269),I269>0),SQRT(MIN(I269,Formula!$C$27))/Formula!$C$24,1/Formula!$C$25)) -> 0.5 | R269: =P269*Q269 -> 0.5 | S269: =IF(H269<>"",EXP(-Formula!$C$28*(EOMONTH(H269,0)-H269)),EXP(-Formula!$C$28*(EOMONTH(D269,0)-D269))) -> 0.70468809 | T269: =IFERROR(SQRT(1/COUNTIFS($E$2:$E$2277,E269,$O$2:$O$2277,O269)),1) -> 0.30151134 | U269: =P269*Q269*S269*T269 -> 0.10623573 | V269: =IF(AND(L269="Among all respondents",NOT(OR(K269="Online poll in Telegram channel",K269="Website online poll",K269="CAWI (Computer Assisted Web Interviewing)"))),1/(1-MIN(MAX(Formula!$C$33+(YEAR(D269)-Formula!$C$34)/(Formula!$C$35-Formula!$C$34)*(Formula!$C$32-Formula!$C$33),Formula!$C$33),Formula!$C$32)),1) -> 1.2820513 | W269: =IF(ISNUMBER(N269),N269*V269,"") -> 1.7051282
A270: 2177:Andrei Bileckiy | B270: 2177 | C270: https://ukraine-elections.com.ua/en/socopros/opinion_poll_show/2177 | D270: 2025-01-02 | E270: LLI | F270: Ukraine | G270: 2024-12-19 | H270: 2024-12-24 | I270: 5094 | J270: 2 | K270: Combined CATI and F2F | L270: Among all respondents | M270: Andrei Bileckiy | N270: 1.31 | O270: =DATE(YEAR(D270),MONTH(D270),1) -> 45658 | P270: =IFERROR(VLOOKUP(K270,Formula!$A$11:$B$20,2,FALSE),Formula!$C$26) -> 1 | Q270: =IF(AND(ISNUMBER(J270),J270>0),1/J270,IF(AND(ISNUMBER(I270),I270>0),SQRT(MIN(I270,Formula!$C$27))/Formula!$C$24,1/Formula!$C$25)) -> 0.5 | R270: =P270*Q270 -> 0.5 | S270: =IF(H270<>"",EXP(-Formula!$C$28*(EOMONTH(H270,0)-H270)),EXP(-Formula!$C$28*(EOMONTH(D270,0)-D270))) -> 0.70468809 | T270: =IFERROR(SQRT(1/COUNTIFS($E$2:$E$2277,E270,$O$2:$O$2277,O270)),1) -> 0.30151134 | U270: =P270*Q270*S270*T270 -> 0.10623573 | V270: =IF(AND(L270="Among all respondents",NOT(OR(K270="Online poll in Telegram channel",K270="Website online poll",K270="CAWI (Computer Assisted Web Interviewing)"))),1/(1-MIN(MAX(Formula!$C$33+(YEAR(D270)-Formula!$C$34)/(Formula!$C$35-Formula!$C$34)*(Formula!$C$32-Formula!$C$33),Formula!$C$33),Formula!$C$32)),1) -> 1.2820513 | W270: =IF(ISNUMBER(N270),N270*V270,"") -> 1.6794872
A271: 2177:Sergey Pritula | B271: 2177 | C271: https://ukraine-elections.com.ua/en/socopros/opinion_poll_show/2177 | D271: 2025-01-02 | E271: LLI | F271: Ukraine | G271: 2024-12-19 | H271: 2024-12-24 | I271: 5094 | J271: 2 | K271: Combined CATI and F2F | L271: Among all respondents | M271: Sergey Pritula | N271: 1.07 | O271: =DATE(YEAR(D271),MONTH(D271),1) -> 45658 | P271: =IFERROR(VLOOKUP(K271,Formula!$A$11:$B$20,2,FALSE),Formula!$C$26) -> 1 | Q271: =IF(AND(ISNUMBER(J271),J271>0),1/J271,IF(AND(ISNUMBER(I271),I271>0),SQRT(MIN(I271,Formula!$C$27))/Formula!$C$24,1/Formula!$C$25)) -> 0.5 | R271: =P271*Q271 -> 0.5 | S271: =IF(H271<>"",EXP(-Formula!$C$28*(EOMONTH(H271,0)-H271)),EXP(-Formula!$C$28*(EOMONTH(D271,0)-D271))) -> 0.70468809 | T271: =IFERROR(SQRT(1/COUNTIFS($E$2:$E$2277,E271,$O$2:$O$2277,O271)),1) -> 0.30151134 | U271: =P271*Q271*S271*T271 -> 0.10623573 | V271: =IF(AND(L271="Among all respondents",NOT(OR(K271="Online poll in Telegram channel",K271="Website online poll",K271="CAWI (Computer Assisted Web Interviewing)"))),1/(1-MIN(MAX(Formula!$C$33+(YEAR(D271)-Formula!$C$34)/(Formula!$C$35-Formula!$C$34)*(Formula!$C$32-Formula!$C$33),Formula!$C$33),Formula!$C$32)),1) -> 1.2820513 | W271: =IF(ISNUMBER(N271),N271*V271,"") -> 1.3717949
A272: 2177:Vladimir Groysman | B272: 2177 | C272: https://ukraine-elections.com.ua/en/socopros/opinion_poll_show/2177 | D272: 2025-01-02 | E272: LLI | F272: Ukraine | G272: 2024-12-19 | H272: 2024-12-24 | I272: 5094 | J272: 2 | K272: Combined CATI and F2F | L272: Among all respondents | M272: Vladimir Groysman | N272: 1.06 | O272: =DATE(YEAR(D272),MONTH(D272),1) -> 45658 | P272: =IFERROR(VLOOKUP(K272,Formula!$A$11:$B$20,2,FALSE),Formula!$C$26) -> 1 | Q272: =IF(AND(ISNUMBER(J272),J272>0),1/J272,IF(AND(ISNUMBER(I272),I272>0),SQRT(MIN(I272,Formula!$C$27))/Formula!$C$24,1/Formula!$C$25)) -> 0.5 | R272: =P272*Q272 -> 0.5 | S272: =IF(H272<>"",EXP(-Formula!$C$28*(EOMONTH(H272,0)-H272)),EXP(-Formula!$C$28*(EOMONTH(D272,0)-D272))) -> 0.70468809 | T272: =IFERROR(SQRT(1/COUNTIFS($E$2:$E$2277,E272,$O$2:$O$2277,O272)),1) -> 0.30151134 | U272: =P272*Q272*S272*T272 -> 0.10623573 | V272: =IF(AND(L272="Among all respondents",NOT(OR(K272="Online poll in Telegram channel",K272="Website online poll",K272="CAWI (Computer Assisted Web Interviewing)"))),1/(1-MIN(MAX(Formula!$C$33+(YEAR(D272)-Formula!$C$34)/(Formula!$C$35-Formula!$C$34)*(Formula!$C$32-Formula!$C$33),Formula!$C$33),Formula!$C$32)),1) -> 1.2820513 | W272: =IF(ISNUMBER(N272),N272*V272,"") -> 1.3589744
A273: 2177:Oleksiy Arestovych | B273: 2177 | C273: https://ukraine-elections.com.ua/en/socopros/opinion_poll_show/2177 | D273: 2025-01-02 | E273: LLI | F273: Ukraine | G273: 2024-12-19 | H273: 2024-12-24 | I273: 5094 | J273: 2 | K273: Combined CATI and F2F | L273: Among all respondents | M273: Oleksiy Arestovych | N273: 0.96 | O273: =DATE(YEAR(D273),MONTH(D273),1) -> 45658 | P273: =IFERROR(VLOOKUP(K273,Formula!$A$11:$B$20,2,FALSE),Formula!$C$26) -> 1 | Q273: =IF(AND(ISNUMBER(J273),J273>0),1/J273,IF(AND(ISNUMBER(I273),I273>0),SQRT(MIN(I273,Formula!$C$27))/Formula!$C$24,1/Formula!$C$25)) -> 0.5 | R273: =P273*Q273 -> 0.5 | S273: =IF(H273<>"",EXP(-Formula!$C$28*(EOMONTH(H273,0)-H273)),EXP(-Formula!$C$28*(EOMONTH(D273,0)-D273))) -> 0.70468809 | T273: =IFERROR(SQRT(1/COUNTIFS($E$2:$E$2277,E273,$O$2:$O$2277,O273)),1) -> 0.30151134 | U273: =P273*Q273*S273*T273 -> 0.10623573 | V273: =IF(AND(L273="Among all respondents",NOT(OR(K273="Online poll in Telegram channel",K273="Website online poll",K273="CAWI (Computer Assisted Web Interviewing)"))),1/(1-MIN(MAX(Formula!$C$33+(YEAR(D273)-Formula!$C$34)/(Formula!$C$35-Formula!$C$34)*(Formula!$C$32-Formula!$C$33),Formula!$C$33),Formula!$C$32)),1) -> 1.2820513 | W273: =IF(ISNUMBER(N273),N273*V273,"") -> 1.2307692
A274: 2175:Valerii Zaluzhniy | B274: 2175 | C274: https://ukraine-elections.com.ua/en/socopros/opinion_poll_show/2175 | D274: 2024-11-26 | E274: Social Monitoring commissioned by American Political Services, LLC | F274: Ukraine | G274: 2024-11-15 | H274: 2024-11-21 | I274: 1200 | J274: 2.9 | K274: Phone Interview | L274: Among all respondents | M274: Valerii Zaluzhniy | N274: 27 | O274: =DATE(YEAR(D274),MONTH(D274),1) -> 45597 | P274: =IFERROR(VLOOKUP(K274,Formula!$A$11:$B$20,2,FALSE),Formula!$C$26) -> 0.85 | Q274: =IF(AND(ISNUMBER(J274),J274>0),1/J274,IF(AND(ISNUMBER(I274),I274>0),SQRT(MIN(I274,Formula!$C$27))/Formula!$C$24,1/Formula!$C$25)) -> 0.34482759 | R274: =P274*Q274 -> 0.29310345 | S274: =IF(H274<>"",EXP(-Formula!$C$28*(EOMONTH(H274,0)-H274)),EXP(-Formula!$C$28*(EOMONTH(D274,0)-D274))) -> 0.63762815 | T274: =IFERROR(SQRT(1/COUNTIFS($E$2:$E$2277,E274,$O$2:$O$2277,O274)),1) -> 0.28867513 | U274: =P274*Q274*S274*T274 -> 0.053950787 | V274: =IF(AND(L274="Among all respondents",NOT(OR(K274="Online poll in Telegram channel",K274="Website online poll",K274="CAWI (Computer Assisted Web Interviewing)"))),1/(1-MIN(MAX(Formula!$C$33+(YEAR(D274)-Formula!$C$34)/(Formula!$C$35-Formula!$C$34)*(Formula!$C$32-Formula!$C$33),Formula!$C$33),Formula!$C$32)),1) -> 1.1952191 | W274: =IF(ISNUMBER(N274),N274*V274,"") -> 32.270916
... A391: 2136:Yrii Butusov | B391: 2136 | C391: https://ukraine-elections.com.ua/en/socopros/opinion_poll_show/2136 | D391: 2023-12-01 | E391: Rating | F391: Ukraine | G391: 2023-11-03 | H391: 2023-11-07 | I391: 2000 | J391: 2.2 | K391: Combined CATI and F2F | L391: Among those who will vote and have made their choice | M391: Yrii Butusov | N391: 0.9 | O391: =DATE(YEAR(D391),MONTH(D391),1) -> 45261 | P391: =IFERROR(VLOOKUP(K391,Formula!$A$11:$B$20,2,FALSE),Formula!$C$26) -> 1 | Q391: =IF(AND(ISNUMBER(J391),J391>0),1/J391,IF(AND(ISNUMBER(I391),I391>0),SQRT(MIN(I391,Formula!$C$27))/Formula!$C$24,1/Formula!$C$25)) -> 0.45454545 | R391: =P391*Q391 -> 0.45454545 | S391: =IF(H391<>"",EXP(-Formula!$C$28*(EOMONTH(H391,0)-H391)),EXP(-Formula!$C$28*(EOMONTH(D391,0)-D391))) -> 0.31663677 | T391: =IFERROR(SQRT(1/COUNTIFS($E$2:$E$2277,E391,$O$2:$O$2277,O391)),1) -> 0.30151134 | U391: =P391*Q391*S391*T391 -> 0.043395263 | V391: =IF(AND(L391="Among all respondents",NOT(OR(K391="Online poll in Telegram channel",K391="Website online poll",K391="CAWI (Computer Assisted Web Interviewing)"))),1/(1-MIN(MAX(Formula!$C$33+(YEAR(D391)-Formula!$C$34)/(Formula!$C$35-Formula!$C$34)*(Formula!$C$32-Formula!$C$33),Formula!$C$33),Formula!$C$32)),1) -> 1 | W391: =IF(ISNUMBER(N391),N391*V391,"") -> 0.9
A392: 2132:Vladimir Zelenskiy | B392: 2132 | C392: https://ukraine-elections.com.ua/en/socopros/opinion_poll_show/2132 | D392: 2023-11-03 | E392: Telegram channel "PolitiKum" | F392: Ukraine | G392: 2023-10-07 | H392: 2023-11-03 | I392: 17200 | K392: Online poll in Telegram channel | L392: Among all respondents | M392: Vladimir Zelenskiy | N392: 45 | O392: =DATE(YEAR(D392),MONTH(D392),1) -> 45231 | P392: =IFERROR(VLOOKUP(K392,Formula!$A$11:$B$20,2,FALSE),Formula!$C$26) -> 0.2 | Q392: =IF(AND(ISNUMBER(J392),J392>0),1/J392,IF(AND(ISNUMBER(I392),I392>0),SQRT(MIN(I392,Formula!$C$27))/Formula!$C$24,1/Formula!$C$25)) -> 0.72153753 | R392: =P392*Q392 -> 0.14430751 | S392: =IF(H392<>"",EXP(-Formula!$C$28*(EOMONTH(H392,0)-H392)),EXP(-Formula!$C$28*(EOMONTH(D392,0)-D392))) -> 0.25924026 | T392: =IFERROR(SQRT(1/COUNTIFS($E$2:$E$2277,E392,$O$2:$O$2277,O392)),1) -> 0.37796447 | U392: =P392*Q392*S392*T392 -> 0.01413977 | V392: =IF(AND(L392="Among all respondents",NOT(OR(K392="Online poll in Telegram channel",K392="Website online poll",K392="CAWI (Computer Assisted Web Interviewing)"))),1/(1-MIN(MAX(Formula!$C$33+(YEAR(D392)-Formula!$C$34)/(Formula!$C$35-Formula!$C$34)*(Formula!$C$32-Formula!$C$33),Formula!$C$33),Formula!$C$32)),1) -> 1 | W392: =IF(ISNUMBER(N392),N392*V392,"") -> 45
A393: 2132:Pyotr Poroshenko | B393: 2132 | C393: https://ukraine-elections.com.ua/en/socopros/opinion_poll_show/2132 | D393: 2023-11-03 | E393: Telegram channel "PolitiKum" | F393: Ukraine | G393: 2023-10-07 | H393: 2023-11-03 | I393: 17200 | K393: Online poll in Telegram channel | L393: Among all respondents | M393: Pyotr Poroshenko | N393: 19 | O393: =DATE(YEAR(D393),MONTH(D393),1) -> 45231 | P393: =IFERROR(VLOOKUP(K393,Formula!$A$11:$B$20,2,FALSE),Formula!$C$26) -> 0.2 | Q393: =IF(AND(ISNUMBER(J393),J393>0),1/J393,IF(AND(ISNUMBER(I393),I393>0),SQRT(MIN(I393,Formula!$C$27))/Formula!$C$24,1/Formula!$C$25)) -> 0.72153753 | R393: =P393*Q393 -> 0.14430751 | S393: =IF(H393<>"",EXP(-Formula!$C$28*(EOMONTH(H393,0)-H393)),EXP(-Formula!$C$28*(EOMONTH(D393,0)-D393))) -> 0.25924026 | T393: =IFERROR(SQRT(1/COUNTIFS($E$2:$E$2277,E393,$O$2:$O$2277,O393)),1) -> 0.37796447 | U393: =P393*Q393*S393*T393 -> 0.01413977 | V393: =IF(AND(L393="Among all respondents",NOT(OR(K393="Online poll in Telegram channel",K393="Website online poll",K393="CAWI (Computer Assisted Web Interviewing)"))),1/(1-MIN(MAX(Formula!$C$33+(YEAR(D393)-Formula!$C$34)/(Formula!$C$35-Formula!$C$34)*(Formula!$C$32-Formula!$C$33),Formula!$C$33),Formula!$C$32)),1) -> 1 | W393: =IF(ISNUMBER(N393),N393*V393,"") -> 19
A394: 2132:Valerii Zaluzhniy | B394: 2132 | C394: https://ukraine-elections.com.ua/en/socopros/opinion_poll_show/2132 | D394: 2023-11-03 | E394: Telegram channel "PolitiKum" | F394: Ukraine | G394: 2023-10-07 | H394: 2023-11-03 | I394: 17200 | K394: Online poll in Telegram channel | L394: Among all respondents | M394: Valerii Zaluzhniy | N394: 15 | O394: =DATE(YEAR(D394),MONTH(D394),1) -> 45231 | P394: =IFERROR(VLOOKUP(K394,Formula!$A$11:$B$20,2,FALSE),Formula!$C$26) -> 0.2 | Q394: =IF(AND(ISNUMBER(J394),J394>0),1/J394,IF(AND(ISNUMBER(I394),I394>0),SQRT(MIN(I394,Formula!$C$27))/Formula!$C$24,1/Formula!$C$25)) -> 0.72153753 | R394: =P394*Q394 -> 0.14430751 | S394: =IF(H394<>"",EXP(-Formula!$C$28*(EOMONTH(H394,0)-H394)),EXP(-Formula!$C$28*(EOMONTH(D394,0)-D394))) -> 0.25924026 | T394: =IFERROR(SQRT(1/COUNTIFS($E$2:$E$2277,E394,$O$2:$O$2277,O394)),1) -> 0.37796447 | U394: =P394*Q394*S394*T394 -> 0.01413977 | V394: =IF(AND(L394="Among all respondents",NOT(OR(K394="Online poll in Telegram channel",K394="Website online poll",K394="CAWI (Computer Assisted Web Interviewing)"))),1/(1-MIN(MAX(Formula!$C$33+(YEAR(D394)-Formula!$C$34)/(Formula!$C$35-Formula!$C$34)*(Formula!$C$32-Formula!$C$33),Formula!$C$33),Formula!$C$32)),1) -> 1 | W394: =IF(ISNUMBER(N394),N394*V394,"") -> 15
A395: 2132:Yulia Timoshenko | B395: 2132 | C395: https://ukraine-elections.com.ua/en/socopros/opinion_poll_show/2132 | D395: 2023-11-03 | E395: Telegram channel "PolitiKum" | F395: Ukraine | G395: 2023-10-07 | H395: 2023-11-03 | I395: 17200 | K395: Online poll in Telegram channel | L395: Among all respondents | M395: Yulia Timoshenko | N395: 2 | O395: =DATE(YEAR(D395),MONTH(D395),1) -> 45231 | P395: =IFERROR(VLOOKUP(K395,Formula!$A$11:$B$20,2,FALSE),Formula!$C$26) -> 0.2 | Q395: =IF(AND(ISNUMBER(J395),J395>0),1/J395,IF(AND(ISNUMBER(I395),I395>0),SQRT(MIN(I395,Formula!$C$27))/Formula!$C$24,1/Formula!$C$25)) -> 0.72153753 | R395: =P395*Q395 -> 0.14430751 | S395: =IF(H395<>"",EXP(-Formula!$C$28*(EOMONTH(H395,0)-H395)),EXP(-Formula!$C$28*(EOMONTH(D395,0)-D395))) -> 0.25924026 | T395: =IFERROR(SQRT(1/COUNTIFS($E$2:$E$2277,E395,$O$2:$O$2277,O395)),1) -> 0.37796447 | U395: =P395*Q395*S395*T395 -> 0.01413977 | V395: =IF(AND(L395="Among all respondents",NOT(OR(K395="Online poll in Telegram channel",K395="Website online poll",K395="CAWI (Computer Assisted Web Interviewing)"))),1/(1-MIN(MAX(Formula!$C$33+(YEAR(D395)-Formula!$C$34)/(Formula!$C$35-Formula!$C$34)*(Formula!$C$32-Formula!$C$33),Formula!$C$33),Formula!$C$32)),1) -> 1 | W395: =IF(ISNUMBER(N395),N395*V395,"") -> 2
A396: 2132:Sergey Pritula | B396: 2132 | C396: https://ukraine-elections.com.ua/en/socopros/opinion_poll_show/2132 | D396: 2023-11-03 | E396: Telegram channel "PolitiKum" | F396: Ukraine | G396: 2023-10-07 | H396: 2023-11-03 | I396: 17200 | K396: Online poll in Telegram channel | L396: Among all respondents | M396: Sergey Pritula | N396: 1 | O396: =DATE(YEAR(D396),MONTH(D396),1) -> 45231 | P396: =IFERROR(VLOOKUP(K396,Formula!$A$11:$B$20,2,FALSE),Formula!$C$26) -> 0.2 | Q396: =IF(AND(ISNUMBER(J396),J396>0),1/J396,IF(AND(ISNUMBER(I396),I396>0),SQRT(MIN(I396,Formula!$C$27))/Formula!$C$24,1/Formula!$C$25)) -> 0.72153753 | R396: =P396*Q396 -> 0.14430751 | S396: =IF(H396<>"",EXP(-Formula!$C$28*(EOMONTH(H396,0)-H396)),EXP(-Formula!$C$28*(EOMONTH(D396,0)-D396))) -> 0.25924026 | T396: =IFERROR(SQRT(1/COUNTIFS($E$2:$E$2277,E396,$O$2:$O$2277,O396)),1) -> 0.37796447 | U396: =P396*Q396*S396*T396 -> 0.01413977 | V396: =IF(AND(L396="Among all respondents",NOT(OR(K396="Online poll in Telegram channel",K396="Website online poll",K396="CAWI (Computer Assisted Web Interviewing)"))),1/(1-MIN(MAX(Formula!$C$33+(YEAR(D396)-Formula!$C$34)/(Formula!$C$35-Formula!$C$34)*(Formula!$C$32-Formula!$C$33),Formula!$C$33),Formula!$C$32)),1) -> 1 | W396: =IF(ISNUMBER(N396),N396*V396,"") -> 1
A397: 2132:Dmitriy Razumkov | B397: 2132 | C397: https://ukraine-elections.com.ua/en/socopros/opinion_poll_show/2132 | D397: 2023-11-03 | E397: Telegram channel "PolitiKum" | F397: Ukraine | G397: 2023-10-07 | H397: 2023-11-03 | I397: 17200 | K397: Online poll in Telegram channel | L397: Among all respondents | M397: Dmitriy Razumkov | N397: 1 | O397: =DATE(YEAR(D397),MONTH(D397),1) -> 45231 | P397: =IFERROR(VLOOKUP(K397,Formula!$A$11:$B$20,2,FALSE),Formula!$C$26) -> 0.2 | Q397: =IF(AND(ISNUMBER(J397),J397>0),1/J397,IF(AND(ISNUMBER(I397),I397>0),SQRT(MIN(I397,Formula!$C$27))/Formula!$C$24,1/Formula!$C$25)) -> 0.72153753 | R397: =P397*Q397 -> 0.14430751 | S397: =IF(H397<>"",EXP(-Formula!$C$28*(EOMONTH(H397,0)-H397)),EXP(-Formula!$C$28*(EOMONTH(D397,0)-D397))) -> 0.25924026 | T397: =IFERROR(SQRT(1/COUNTIFS($E$2:$E$2277,E397,$O$2:$O$2277,O397)),1) -> 0.37796447 | U397: =P397*Q397*S397*T397 -> 0.01413977 | V397: =IF(AND(L397="Among all respondents",NOT(OR(K397="Online poll in Telegram channel",K397="Website online poll",K397="CAWI (Computer Assisted Web Interviewing)"))),1/(1-MIN(MAX(Formula!$C$33+(YEAR(D397)-Formula!$C$34)/(Formula!$C$35-Formula!$C$34)*(Formula!$C$32-Formula!$C$33),Formula!$C$33),Formula!$C$32)),1) -> 1 | W397: =IF(ISNUMBER(N397),N397*V397,"") -> 1
A398: 2132:Vitaly Klichko | B398: 2132 | C398: https://ukraine-elections.com.ua/en/socopros/opinion_poll_show/2132 | D398: 2023-11-03 | E398: Telegram channel "PolitiKum" | F398: Ukraine | G398: 2023-10-07 | H398: 2023-11-03 | I398: 17200 | K398: Online poll in Telegram channel | L398: Among all respondents | M398: Vitaly Klichko | N398: 1 | O398: =DATE(YEAR(D398),MONTH(D398),1) -> 45231 | P398: =IFERROR(VLOOKUP(K398,Formula!$A$11:$B$20,2,FALSE),Formula!$C$26) -> 0.2 | Q398: =IF(AND(ISNUMBER(J398),J398>0),1/J398,IF(AND(ISNUMBER(I398),I398>0),SQRT(MIN(I398,Formula!$C$27))/Formula!$C$24,1/Formula!$C$25)) -> 0.72153753 | R398: =P398*Q398 -> 0.14430751 | S398: =IF(H398<>"",EXP(-Formula!$C$28*(EOMONTH(H398,0)-H398)),EXP(-Formula!$C$28*(EOMONTH(D398,0)-D398))) -> 0.25924026 | T398: =IFERROR(SQRT(1/COUNTIFS($E$2:$E$2277,E398,$O$2:$O$2277,O398)),1) -> 0.37796447 | U398: =P398*Q398*S398*T398 -> 0.01413977 | V398: =IF(AND(L398="Among all respondents",NOT(OR(K398="Online poll in Telegram channel",K398="Website online poll",K398="CAWI (Computer Assisted Web Interviewing)"))),1/(1-MIN(MAX(Formula!$C$33+(YEAR(D398)-Formula!$C$34)/(Formula!$C$35-Formula!$C$34)*(Formula!$C$32-Formula!$C$33),Formula!$C$33),Formula!$C$32)),1) -> 1 | W398: =IF(ISNUMBER(N398),N398*V398,"") -> 1
A399: 2125:Vladimir Zelenskiy | B399: 2125 | C399: https://ukraine-elections.com.ua/en/socopros/opinion_poll_show/2125 | D399: 2023-09-13 | E399: Telegram channel "PolitiKum" | F399: Ukraine | G399: 2023-08-09 | H399: 2023-09-13 | I399: 23800 | K399: Online poll in Telegram channel | L399: Among all respondents | M399: Vladimir Zelenskiy | N399: 54 | O399: =DATE(YEAR(D399),MONTH(D399),1) -> 45170 | P399: =IFERROR(VLOOKUP(K399,Formula!$A$11:$B$20,2,FALSE),Formula!$C$26) -> 0.2 | Q399: =IF(AND(ISNUMBER(J399),J399>0),1/J399,IF(AND(ISNUMBER(I399),I399>0),SQRT(MIN(I399,Formula!$C$27))/Formula!$C$24,1/Formula!$C$25)) -> 0.72153753 | R399: =P399*Q399 -> 0.14430751 | S399: =IF(H399<>"",EXP(-Formula!$C$28*(EOMONTH(H399,0)-H399)),EXP(-Formula!$C$28*(EOMONTH(D399,0)-D399))) -> 0.42741493 | T399: =IFERROR(SQRT(1/COUNTIFS($E$2:$E$2277,E399,$O$2:$O$2277,O399)),1) -> 0.37796447 | U399: =P399*Q399*S399*T399 -> 0.02331254 | V399: =IF(AND(L399="Among all respondents",NOT(OR(K399="Online poll in Telegram channel",K399="Website online poll",K399="CAWI (Computer Assisted Web Interviewing)"))),1/(1-MIN(MAX(Formula!$C$33+(YEAR(D399)-Formula!$C$34)/(Formula!$C$35-Formula!$C$34)*(Formula!$C$32-Formula!$C$33),Formula!$C$33),Formula!$C$32)),1) -> 1 | W399: =IF(ISNUMBER(N399),N399*V399,"") -> 54
A400: 2125:Valerii Zaluzhniy | B400: 2125 | C400: https://ukraine-elections.com.ua/en/socopros/opinion_poll_show/2125 | D400: 2023-09-13 | E400: Telegram channel "PolitiKum" | F400: Ukraine | G400: 2023-08-09 | H400: 2023-09-13 | I400: 23800 | K400: Online poll in Telegram channel | L400: Among all respondents | M400: Valerii Zaluzhniy | N400: 17 | O400: =DATE(YEAR(D400),MONTH(D400),1) -> 45170 | P400: =IFERROR(VLOOKUP(K400,Formula!$A$11:$B$20,2,FALSE),Formula!$C$26) -> 0.2 | Q400: =IF(AND(ISNUMBER(J400),J400>0),1/J400,IF(AND(ISNUMBER(I400),I400>0),SQRT(MIN(I400,Formula!$C$27))/Formula!$C$24,1/Formula!$C$25)) -> 0.72153753 | R400: =P400*Q400 -> 0.14430751 | S400: =IF(H400<>"",EXP(-Formula!$C$28*(EOMONTH(H400,0)-H400)),EXP(-Formula!$C$28*(EOMONTH(D400,0)-D400))) -> 0.42741493 | T400: =IFERROR(SQRT(1/COUNTIFS($E$2:$E$2277,E400,$O$2:$O$2277,O400)),1) -> 0.37796447 | U400: =P400*Q400*S400*T400 -> 0.02331254 | V400: =IF(AND(L400="Among all respondents",NOT(OR(K400="Online poll in Telegram channel",K400="Website online poll",K400="CAWI (Computer Assisted Web Interviewing)"))),1/(1-MIN(MAX(Formula!$C$33+(YEAR(D400)-Formula!$C$34)/(Formula!$C$35-Formula!$C$34)*(Formula!$C$32-Formula!$C$33),Formula!$C$33),Formula!$C$32)),1) -> 1 | W400: =IF(ISNUMBER(N400),N400*V400,"") -> 17
A401: 2125:Pyotr Poroshenko | B401: 2125 | C401: https://ukraine-elections.com.ua/en/socopros/opinion_poll_show/2125 | D401: 2023-09-13 | E401: Telegram channel "PolitiKum" | F401: Ukraine | G401: 2023-08-09 | H401: 2023-09-13 | I401: 23800 | K401: Online poll in Telegram channel | L401: Among all respondents | M401: Pyotr Poroshenko | N401: 7 | O401: =DATE(YEAR(D401),MONTH(D401),1) -> 45170 | P401: =IFERROR(VLOOKUP(K401,Formula!$A$11:$B$20,2,FALSE),Formula!$C$26) -> 0.2 | Q401: =IF(AND(ISNUMBER(J401),J401>0),1/J401,IF(AND(ISNUMBER(I401),I401>0),SQRT(MIN(I401,Formula!$C$27))/Formula!$C$24,1/Formula!$C$25)) -> 0.72153753 | R401: =P401*Q401 -> 0.14430751 | S401: =IF(H401<>"",EXP(-Formula!$C$28*(EOMONTH(H401,0)-H401)),EXP(-Formula!$C$28*(EOMONTH(D401,0)-D401))) -> 0.42741493 | T401: =IFERROR(SQRT(1/COUNTIFS($E$2:$E$2277,E401,$O$2:$O$2277,O401)),1) -> 0.37796447 | U401: =P401*Q401*S401*T401 -> 0.02331254 | V401: =IF(AND(L401="Among all respondents",NOT(OR(K401="Online poll in Telegram channel",K401="Website online poll",K401="CAWI (Computer Assisted Web Interviewing)"))),1/(1-MIN(MAX(Formula!$C$33+(YEAR(D401)-Formula!$C$34)/(Formula!$C$35-Formula!$C$34)*(Formula!$C$32-Formula!$C$33),Formula!$C$33),Formula!$C$32)),1) -> 1 | W401: =IF(ISNUMBER(N401),N401*V401,"") -> 7
A402: 2125:Yulia Timoshenko | B402: 2125 | C402: https://ukraine-elections.com.ua/en/socopros/opinion_poll_show/2125 | D402: 2023-09-13 | E402: Telegram channel "PolitiKum" | F402: Ukraine | G402: 2023-08-09 | H402: 2023-09-13 | I402: 23800 | K402: Online poll in Telegram channel | L402: Among all respondents | M402: Yulia Timoshenko | N402: 2 | O402: =DATE(YEAR(D402),MONTH(D402),1) -> 45170 | P402: =IFERROR(VLOOKUP(K402,Formula!$A$11:$B$20,2,FALSE),Formula!$C$26) -> 0.2 | Q402: =IF(AND(ISNUMBER(J402),J402>0),1/J402,IF(AND(ISNUMBER(I402),I402>0),SQRT(MIN(I402,Formula!$C$27))/Formula!$C$24,1/Formula!$C$25)) -> 0.72153753 | R402: =P402*Q402 -> 0.14430751 | S402: =IF(H402<>"",EXP(-Formula!$C$28*(EOMONTH(H402,0)-H402)),EXP(-Formula!$C$28*(EOMONTH(D402,0)-D402))) -> 0.42741493 | T402: =IFERROR(SQRT(1/COUNTIFS($E$2:$E$2277,E402,$O$2:$O$2277,O402)),1) -> 0.37796447 | U402: =P402*Q402*S402*T402 -> 0.02331254 | V402: =IF(AND(L402="Among all respondents",NOT(OR(K402="Online poll in Telegram channel",K402="Website online poll",K402="CAWI (Computer Assisted Web Interviewing)"))),1/(1-MIN(MAX(Formula!$C$33+(YEAR(D402)-Formula!$C$34)/(Formula!$C$35-Formula!$C$34)*(Formula!$C$32-Formula!$C$33),Formula!$C$33),Formula!$C$32)),1) -> 1 | W402: =IF(ISNUMBER(N402),N402*V402,"") -> 2
A403: 2125:Sergey Pritula | B403: 2125 | C403: https://ukraine-elections.com.ua/en/socopros/opinion_poll_show/2125 | D403: 2023-09-13 | E403: Telegram channel "PolitiKum" | F403: Ukraine | G403: 2023-08-09 | H403: 2023-09-13 | I403: 23800 | K403: Online poll in Telegram channel | L403: Among all respondents | M403: Sergey Pritula | N403: 1 | O403: =DATE(YEAR(D403),MONTH(D403),1) -> 45170 | P403: =IFERROR(VLOOKUP(K403,Formula!$A$11:$B$20,2,FALSE),Formula!$C$26) -> 0.2 | Q403: =IF(AND(ISNUMBER(J403),J403>0),1/J403,IF(AND(ISNUMBER(I403),I403>0),SQRT(MIN(I403,Formula!$C$27))/Formula!$C$24,1/Formula!$C$25)) -> 0.72153753 | R403: =P403*Q403 -> 0.14430751 | S403: =IF(H403<>"",EXP(-Formula!$C$28*(EOMONTH(H403,0)-H403)),EXP(-Formula!$C$28*(EOMONTH(D403,0)-D403))) -> 0.42741493 | T403: =IFERROR(SQRT(1/COUNTIFS($E$2:$E$2277,E403,$O$2:$O$2277,O403)),1) -> 0.37796447 | U403: =P403*Q403*S403*T403 -> 0.02331254 | V403: =IF(AND(L403="Among all respondents",NOT(OR(K403="Online poll in Telegram channel",K403="Website online poll",K403="CAWI (Computer Assisted Web Interviewing)"))),1/(1-MIN(MAX(Formula!$C$33+(YEAR(D403)-Formula!$C$34)/(Formula!$C$35-Formula!$C$34)*(Formula!$C$32-Formula!$C$33),Formula!$C$33),Formula!$C$32)),1) -> 1 | W403: =IF(ISNUMBER(N403),N403*V403,"") -> 1
... A412: 2123:Yulia Timoshenko | B412: 2123 | C412: https://ukraine-elections.com.ua/en/socopros/opinion_poll_show/2123 | D412: 2023-08-10 | E412: Telegram channel "PolitiKum" | F412: Ukraine | G412: 2023-07-13 | H412: 2023-08-10 | I412: 24300 | K412: Online poll in Telegram channel | L412: Among all respondents | M412: Yulia Timoshenko | N412: 1 | O412: =DATE(YEAR(D412),MONTH(D412),1) -> 45139 | P412: =IFERROR(VLOOKUP(K412,Formula!$A$11:$B$20,2,FALSE),Formula!$C$26) -> 0.2 | Q412: =IF(AND(ISNUMBER(J412),J412>0),1/J412,IF(AND(ISNUMBER(I412),I412>0),SQRT(MIN(I412,Formula!$C$27))/Formula!$C$24,1/Formula!$C$25)) -> 0.72153753 | R412: =P412*Q412 -> 0.14430751 | S412: =IF(H412<>"",EXP(-Formula!$C$28*(EOMONTH(H412,0)-H412)),EXP(-Formula!$C$28*(EOMONTH(D412,0)-D412))) -> 0.34993775 | T412: =IFERROR(SQRT(1/COUNTIFS($E$2:$E$2277,E412,$O$2:$O$2277,O412)),1) -> 0.37796447 | U412: =P412*Q412*S412*T412 -> 0.019086693 | V412: =IF(AND(L412="Among all respondents",NOT(OR(K412="Online poll in Telegram channel",K412="Website online poll",K412="CAWI (Computer Assisted Web Interviewing)"))),1/(1-MIN(MAX(Formula!$C$33+(YEAR(D412)-Formula!$C$34)/(Formula!$C$35-Formula!$C$34)*(Formula!$C$32-Formula!$C$33),Formula!$C$33),Formula!$C$32)),1) -> 1 | W412: =IF(ISNUMBER(N412),N412*V412,"") -> 1
A413: 2121:Vladimir Zelenskiy | B413: 2121 | C413: https://ukraine-elections.com.ua/en/socopros/opinion_poll_show/2121 | D413: 2023-07-01 | E413: Operational sociology | F413: Ukraine | G413: 2023-05-30 | H413: 2023-06-14 | I413: 1047 | J413: 3.1 | K413: CATI - computer-assisted telephone interviews | L413: Among those who will vote and have made their choice | M413: Vladimir Zelenskiy | N413: 78 | O413: =DATE(YEAR(D413),MONTH(D413),1) -> 45108 | P413: =IFERROR(VLOOKUP(K413,Formula!$A$11:$B$20,2,FALSE),Formula!$C$26) -> 0.9 | Q413: =IF(AND(ISNUMBER(J413),J413>0),1/J413,IF(AND(ISNUMBER(I413),I413>0),SQRT(MIN(I413,Formula!$C$27))/Formula!$C$24,1/Formula!$C$25)) -> 0.32258065 | R413: =P413*Q413 -> 0.29032258 | S413: =IF(H413<>"",EXP(-Formula!$C$28*(EOMONTH(H413,0)-H413)),EXP(-Formula!$C$28*(EOMONTH(D413,0)-D413))) -> 0.44932896 | T413: =IFERROR(SQRT(1/COUNTIFS($E$2:$E$2277,E413,$O$2:$O$2277,O413)),1) -> 0.37796447 | U413: =P413*Q413*S413*T413 -> 0.049305596 | V413: =IF(AND(L413="Among all respondents",NOT(OR(K413="Online poll in Telegram channel",K413="Website online poll",K413="CAWI (Computer Assisted Web Interviewing)"))),1/(1-MIN(MAX(Formula!$C$33+(YEAR(D413)-Formula!$C$34)/(Formula!$C$35-Formula!$C$34)*(Formula!$C$32-Formula!$C$33),Formula!$C$33),Formula!$C$32)),1) -> 1 | W413: =IF(ISNUMBER(N413),N413*V413,"") -> 78
A414: 2121:Pyotr Poroshenko | B414: 2121 | C414: https://ukraine-elections.com.ua/en/socopros/opinion_poll_show/2121 | D414: 2023-07-01 | E414: Operational sociology | F414: Ukraine | G414: 2023-05-30 | H414: 2023-06-14 | I414: 1047 | J414: 3.1 | K414: CATI - computer-assisted telephone interviews | L414: Among those who will vote and have made their choice | M414: Pyotr Poroshenko | N414: 9.7 | O414: =DATE(YEAR(D414),MONTH(D414),1) -> 45108 | P414: =IFERROR(VLOOKUP(K414,Formula!$A$11:$B$20,2,FALSE),Formula!$C$26) -> 0.9 | Q414: =IF(AND(ISNUMBER(J414),J414>0),1/J414,IF(AND(ISNUMBER(I414),I414>0),SQRT(MIN(I414,Formula!$C$27))/Formula!$C$24,1/Formula!$C$25)) -> 0.32258065 | R414: =P414*Q414 -> 0.29032258 | S414: =IF(H414<>"",EXP(-Formula!$C$28*(EOMONTH(H414,0)-H414)),EXP(-Formula!$C$28*(EOMONTH(D414,0)-D414))) -> 0.44932896 | T414: =IFERROR(SQRT(1/COUNTIFS($E$2:$E$2277,E414,$O$2:$O$2277,O414)),1) -> 0.37796447 | U414: =P414*Q414*S414*T414 -> 0.049305596 | V414: =IF(AND(L414="Among all respondents",NOT(OR(K414="Online poll in Telegram channel",K414="Website online poll",K414="CAWI (Computer Assisted Web Interviewing)"))),1/(1-MIN(MAX(Formula!$C$33+(YEAR(D414)-Formula!$C$34)/(Formula!$C$35-Formula!$C$34)*(Formula!$C$32-Formula!$C$33),Formula!$C$33),Formula!$C$32)),1) -> 1 | W414: =IF(ISNUMBER(N414),N414*V414,"") -> 9.7
A415: 2121:Sergey Pritula | B415: 2121 | C415: https://ukraine-elections.com.ua/en/socopros/opinion_poll_show/2121 | D415: 2023-07-01 | E415: Operational sociology | F415: Ukraine | G415: 2023-05-30 | H415: 2023-06-14 | I415: 1047 | J415: 3.1 | K415: CATI - computer-assisted telephone interviews | L415: Among those who will vote and have made their choice | M415: Sergey Pritula | N415: 4.5 | O415: =DATE(YEAR(D415),MONTH(D415),1) -> 45108 | P415: =IFERROR(VLOOKUP(K415,Formula!$A$11:$B$20,2,FALSE),Formula!$C$26) -> 0.9 | Q415: =IF(AND(ISNUMBER(J415),J415>0),1/J415,IF(AND(ISNUMBER(I415),I415>0),SQRT(MIN(I415,Formula!$C$27))/Formula!$C$24,1/Formula!$C$25)) -> 0.32258065 | R415: =P415*Q415 -> 0.29032258 | S415: =IF(H415<>"",EXP(-Formula!$C$28*(EOMONTH(H415,0)-H415)),EXP(-Formula!$C$28*(EOMONTH(D415,0)-D415))) -> 0.44932896 | T415: =IFERROR(SQRT(1/COUNTIFS($E$2:$E$2277,E415,$O$2:$O$2277,O415)),1) -> 0.37796447 | U415: =P415*Q415*S415*T415 -> 0.049305596 | V415: =IF(AND(L415="Among all respondents",NOT(OR(K415="Online poll in Telegram channel",K415="Website online poll",K415="CAWI (Computer Assisted Web Interviewing)"))),1/(1-MIN(MAX(Formula!$C$33+(YEAR(D415)-Formula!$C$34)/(Formula!$C$35-Formula!$C$34)*(Formula!$C$32-Formula!$C$33),Formula!$C$33),Formula!$C$32)),1) -> 1 | W415: =IF(ISNUMBER(N415),N415*V415,"") -> 4.5
A416: 2121:Yulia Timoshenko | B416: 2121 | C416: https://ukraine-elections.com.ua/en/socopros/opinion_poll_show/2121 | D416: 2023-07-01 | E416: Operational sociology | F416: Ukraine | G416: 2023-05-30 | H416: 2023-06-14 | I416: 1047 | J416: 3.1 | K416: CATI - computer-assisted telephone interviews | L416: Among those who will vote and have made their choice | M416: Yulia Timoshenko | N416: 2.5 | O416: =DATE(YEAR(D416),MONTH(D416),1) -> 45108 | P416: =IFERROR(VLOOKUP(K416,Formula!$A$11:$B$20,2,FALSE),Formula!$C$26) -> 0.9 | Q416: =IF(AND(ISNUMBER(J416),J416>0),1/J416,IF(AND(ISNUMBER(I416),I416>0),SQRT(MIN(I416,Formula!$C$27))/Formula!$C$24,1/Formula!$C$25)) -> 0.32258065 | R416: =P416*Q416 -> 0.29032258 | S416: =IF(H416<>"",EXP(-Formula!$C$28*(EOMONTH(H416,0)-H416)),EXP(-Formula!$C$28*(EOMONTH(D416,0)-D416))) -> 0.44932896 | T416: =IFERROR(SQRT(1/COUNTIFS($E$2:$E$2277,E416,$O$2:$O$2277,O416)),1) -> 0.37796447 | U416: =P416*Q416*S416*T416 -> 0.049305596 | V416: =IF(AND(L416="Among all respondents",NOT(OR(K416="Online poll in Telegram channel",K416="Website online poll",K416="CAWI (Computer Assisted Web Interviewing)"))),1/(1-MIN(MAX(Formula!$C$33+(YEAR(D416)-Formula!$C$34)/(Formula!$C$35-Formula!$C$34)*(Formula!$C$32-Formula!$C$33),Formula!$C$33),Formula!$C$32)),1) -> 1 | W416: =IF(ISNUMBER(N416),N416*V416,"") -> 2.5
A417: 2121:Dmitriy Razumkov | B417: 2121 | C417: https://ukraine-elections.com.ua/en/socopros/opinion_poll_show/2121 | D417: 2023-07-01 | E417: Operational sociology | F417: Ukraine | G417: 2023-05-30 | H417: 2023-06-14 | I417: 1047 | J417: 3.1 | K417: CATI - computer-assisted telephone interviews | L417: Among those who will vote and have made their choice | M417: Dmitriy Razumkov | N417: 2 | O417: =DATE(YEAR(D417),MONTH(D417),1) -> 45108 | P417: =IFERROR(VLOOKUP(K417,Formula!$A$11:$B$20,2,FALSE),Formula!$C$26) -> 0.9 | Q417: =IF(AND(ISNUMBER(J417),J417>0),1/J417,IF(AND(ISNUMBER(I417),I417>0),SQRT(MIN(I417,Formula!$C$27))/Formula!$C$24,1/Formula!$C$25)) -> 0.32258065 | R417: =P417*Q417 -> 0.29032258 | S417: =IF(H417<>"",EXP(-Formula!$C$28*(EOMONTH(H417,0)-H417)),EXP(-Formula!$C$28*(EOMONTH(D417,0)-D417))) -> 0.44932896 | T417: =IFERROR(SQRT(1/COUNTIFS($E$2:$E$2277,E417,$O$2:$O$2277,O417)),1) -> 0.37796447 | U417: =P417*Q417*S417*T417 -> 0.049305596 | V417: =IF(AND(L417="Among all respondents",NOT(OR(K417="Online poll in Telegram channel",K417="Website online poll",K417="CAWI (Computer Assisted Web Interviewing)"))),1/(1-MIN(MAX(Formula!$C$33+(YEAR(D417)-Formula!$C$34)/(Formula!$C$35-Formula!$C$34)*(Formula!$C$32-Formula!$C$33),Formula!$C$33),Formula!$C$32)),1) -> 1 | W417: =IF(ISNUMBER(N417),N417*V417,"") -> 2
A418: 2121:Igor Smeshko | B418: 2121 | C418: https://ukraine-elections.com.ua/en/socopros/opinion_poll_show/2121 | D418: 2023-07-01 | E418: Operational sociology | F418: Ukraine | G418: 2023-05-30 | H418: 2023-06-14 | I418: 1047 | J418: 3.1 | K418: CATI - computer-assisted telephone interviews | L418: Among those who will vote and have made their choice | M418: Igor Smeshko | N418: 1.6 | O418: =DATE(YEAR(D418),MONTH(D418),1) -> 45108 | P418: =IFERROR(VLOOKUP(K418,Formula!$A$11:$B$20,2,FALSE),Formula!$C$26) -> 0.9 | Q418: =IF(AND(ISNUMBER(J418),J418>0),1/J418,IF(AND(ISNUMBER(I418),I418>0),SQRT(MIN(I418,Formula!$C$27))/Formula!$C$24,1/Formula!$C$25)) -> 0.32258065 | R418: =P418*Q418 -> 0.29032258 | S418: =IF(H418<>"",EXP(-Formula!$C$28*(EOMONTH(H418,0)-H418)),EXP(-Formula!$C$28*(EOMONTH(D418,0)-D418))) -> 0.44932896 | T418: =IFERROR(SQRT(1/COUNTIFS($E$2:$E$2277,E418,$O$2:$O$2277,O418)),1) -> 0.37796447 | U418: =P418*Q418*S418*T418 -> 0.049305596 | V418: =IF(AND(L418="Among all respondents",NOT(OR(K418="Online poll in Telegram channel",K418="Website online poll",K418="CAWI (Computer Assisted Web Interviewing)"))),1/(1-MIN(MAX(Formula!$C$33+(YEAR(D418)-Formula!$C$34)/(Formula!$C$35-Formula!$C$34)*(Formula!$C$32-Formula!$C$33),Formula!$C$33),Formula!$C$32)),1) -> 1 | W418: =IF(ISNUMBER(N418),N418*V418,"") -> 1.6
A419: 2121:Alexei Goncharenko | B419: 2121 | C419: https://ukraine-elections.com.ua/en/socopros/opinion_poll_show/2121 | D419: 2023-07-01 | E419: Operational sociology | F419: Ukraine | G419: 2023-05-30 | H419: 2023-06-14 | I419: 1047 | J419: 3.1 | K419: CATI - computer-assisted telephone interviews | L419: Among those who will vote and have made their choice | M419: Alexei Goncharenko | N419: 1.3 | O419: =DATE(YEAR(D419),MONTH(D419),1) -> 45108 | P419: =IFERROR(VLOOKUP(K419,Formula!$A$11:$B$20,2,FALSE),Formula!$C$26) -> 0.9 | Q419: =IF(AND(ISNUMBER(J419),J419>0),1/J419,IF(AND(ISNUMBER(I419),I419>0),SQRT(MIN(I419,Formula!$C$27))/Formula!$C$24,1/Formula!$C$25)) -> 0.32258065 | R419: =P419*Q419 -> 0.29032258 | S419: =IF(H419<>"",EXP(-Formula!$C$28*(EOMONTH(H419,0)-H419)),EXP(-Formula!$C$28*(EOMONTH(D419,0)-D419))) -> 0.44932896 | T419: =IFERROR(SQRT(1/COUNTIFS($E$2:$E$2277,E419,$O$2:$O$2277,O419)),1) -> 0.37796447 | U419: =P419*Q419*S419*T419 -> 0.049305596 | V419: =IF(AND(L419="Among all respondents",NOT(OR(K419="Online poll in Telegram channel",K419="Website online poll",K419="CAWI (Computer Assisted Web Interviewing)"))),1/(1-MIN(MAX(Formula!$C$33+(YEAR(D419)-Formula!$C$34)/(Formula!$C$35-Formula!$C$34)*(Formula!$C$32-Formula!$C$33),Formula!$C$33),Formula!$C$32)),1) -> 1 | W419: =IF(ISNUMBER(N419),N419*V419,"") -> 1.3
...

Sheet Formula
A1: WEIGHTED AVERAGE FORMULA — UKRAINE PRESIDENTIAL POLLING AGGREGATOR
A3: FORMULA
A4: Step 1 | B4: Precision weight (pᵢ) | D4: If MoEᵢ reported: pᵢ = 1 / MoEᵢ² | If MoEᵢ missing, nᵢ known: pᵢ = nᵢ / [Precision Denominator] | If both missing: pᵢ = 1 / [Fallback MoE]²
A5: Step 2 | B5: Method weight (mᵢ) | D5: mᵢ = lookup polling_method in Method Weights table (0.20 – 1.00)
A6: Step 3 | B6: Observation weight (wᵢ) | D6: wᵢ = mᵢ × pᵢ
A7: Step 4 | B7: Monthly weighted average ȳ_t,c | D7: ȳ_t,c = Σ(wᵢ × yᵢ,c) / Σ(wᵢ) summed over all polls i in month t for candidate c
A9: METHOD WEIGHTS
A10: Polling Method | B10: Weight (mᵢ) | C10: Notes
A11: CAPI | B11: 0.95 | C11: Overlaps with Personal interview face-to-face
A12: CATI - computer-assisted telephone interviews | B12: 0.9 | C12: Overlaps with Phone Interview
A13: CAWI (Computer Assisted Web Interviewing) | B13: 0.6 | C13: AMENDED: 0.75→0.60 (wartime coverage bias per Post-Soviet Affairs 2025)
A14: Combined CATI and F2F | B14: 1 | C14: Highest quality
A15: Exit poll | B15: 0.85
A16: Online poll in Telegram channel | B16: 0.2 | C16: Low quality — self-selection bias
A17: Personal interview face-to-face | B17: 0.95 | C17: Overlaps with CAPI
A18: Phone Interview | B18: 0.85 | C18: Overlaps with CATI
A19: Questionnaire | B19: 0.7 | C19: Overlaps with CAWI
A20: Website online poll | B20: 0.2 | C20: Low quality — self-selection bias
A22: PRECISION PARAMETERS
A23: Parameter | B23: Value | C23: Description
A24: Precision Denominator (√ mode) | B24: 9604 | C24: 98
A25: Fallback MoE (pp) | B25: 2.5 | C25: 2.5
A26: Default Method Weight | B26: 0.75 | C26: 0.75
A27: N_CAP (sample size cap) | C27: 5000 | D27: NEW: cap n before sqrt. Prevents mega-polls dominating (FiftyPlusOne standard)
A28: DECAY_LAMBDA (recency) | C28: 0.05 | D28: NEW: rᵢ=exp(−λ×Δdays from month end). λ=0.05 → half-life ≈14 days
A29: PRIOR_STRENGTH (shrinkage) | C29: 0.1 | D29: REDUCED 0.15→0.10: less stickiness in sparse months. Autumn 2023 lag reduced by ~2pp in Telegram-only months. Trade-off: slightly more reactive to individual polls in data-rich months.
A30: BREAK_THRESHOLD (pp) | C30: 15 | D30: NEW: if |raw_avg − prior| > this threshold, skip Bayesian shrinkage entirely. Prevents pre-war Zelensky values (25%) contaminating post-invasion readings (81%). Also prevents shrinkage suppressing Zaluzhnyi's entry spike.
A31: MIN_BREAK_WEIGHT | C31: 0.3 | D31: NEW: minimum combined obs_weight required to trigger break detection. A single Telegram poll (weight=0.14) cannot trigger a 26pp snap-back on its own. Only high-quality polls (e.g. CATI+F2F with weight≥0.30) can fire structural break logic.
A32: UNDECIDED_RATE_DEFAULT | C32: 0.22 | D32: MAXIMUM undecided rate — applied to recent polls (2025+). Combined with UNDECIDED_MIN and BASE/END years for time-varying correction. See rows 33-35.
A33: UNDECIDED_RATE_MIN | C33: 0.05 | D33: Minimum undecided rate for early 2022 wartime polls. NOTE: scope correction excluded entirely for CAWI, Telegram, and Website polls — these are non-probability samples where the undecided correction does not apply.
A34: UNDECIDED_BASE_YEAR | C34: 2022 | D34: Year at which minimum undecided rate applies. Polls published this year or earlier get UNDECIDED_MIN.
A35: UNDECIDED_END_YEAR | C35: 2025 | D35: Year at which maximum undecided rate applies. Polls published this year or later get UNDECIDED_RATE_DEFAULT.
A36: COMPARATIVE REVIEW vs SILVER BULLETIN / NYT / POLITICO — AMENDMENTS
A37: CHANGES FROM ORIGINAL FORMULA (highlighted cells = amended parameters)
A39: AMENDMENT 1 — Sample Size: Linear → Square Root with Cap (per Silver Bulletin / FiftyPlusOne)
A40: Rationale | C40: Both Silver Bulletin and FiftyPlusOne use sqrt(n) for sample size weight because additional respondents have diminishing statistical returns. MoE = 1.96×sqrt(p(1-p)/n) — the denominator already uses sqrt(n), so linear weighting by n over-rewards large-n polls. Critically, the Telegram "PolitiKum" channel (n=17,200) received 14.3× the linear weight of a typical 1,200-person poll but only 3.8× with sqrt — and that poll has the lowest method weight (0.20). After capping n at 5,000 (FiftyPlusOne standard), the ratio drops to 2.0× with sqrt.
A41: Old precision formula (MoE missing) | C41: pᵢ = nᵢ / 9604 [linear — overpowers large-n outliers]
A42: New precision formula (MoE missing) | C42: pᵢ = √(min(nᵢ, 5000)) / √9604 = √(min(nᵢ, 5000)) / 98
A43: Precision denominator (B24) | C43: Changed: 9604 → 98 (now used as divisor after sqrt)
A44: New n-cap parameter (B27) | C44: NEW ROW: N_CAP = 5000 (cap before sqrt to limit mega-polls)
A45: Old formula (MoE present) | C45: pᵢ = 1 / MoEᵢ²
A46: New formula (MoE present) | C46: pᵢ = 1 / MoEᵢ [sqrt equivalent: MoE already = 1.96/sqrt(n)]
A48: AMENDMENT 2 — Zone Flooding Prevention (per Silver Bulletin / FiftyPlusOne)
A49: Rationale | C49: Silver Bulletin: if a pollster releases multiple polls, individual polls are down-weighted so the firm cannot dominate the average. FiftyPlusOne: weight = sqrt(1/k) per poll when k polls from same pollster appear within a 14-day window. Ukraine context: this matters less than in the US (fewer pollsters, fewer polls) but RDI released 3 polls in June 2021; Rating released 3 in Nov 2021.
A50: New flood weight (fᵢ) | C50: fᵢ = √(1 / kᵢ) where kᵢ = number of polls from same pollster in same year_month
A51: Updated obs_weight formula | C51: wᵢ = mᵢ × pᵢ × fᵢ [Data col R now includes flood weight]
A52: Flood weight parameter (B28) | C52: NEW ROW: FLOOD_WINDOW = year_month (group by calendar month)
A54: AMENDMENT 3 — Intra-Month Recency Weight (per Silver Bulletin time decay)
A55: Rationale | C55: Silver Bulletin uses local polynomial regression, weighting more recent polls more heavily. Within a monthly window, polls conducted later in the month are more informative than those from the start. In Ukraine, where opinion shifted sharply (e.g. Feb-Apr 2024, early 2025), a poll from day 28 is more informative than one from day 3 of the same month.
A56: New recency weight (rᵢ) | C56: rᵢ = exp(−λ × Δdᵢ) where Δdᵢ = days before month-end fieldwork date, λ = 0.05 (half-life ~14 days). Polls from the last day of the month get rᵢ=1; a poll 14 days earlier gets rᵢ≈0.5.
A57: Lambda parameter (B29) | C57: NEW ROW: DECAY_LAMBDA = 0.05 (adjust to increase/decrease recency sensitivity)
A58: Updated obs_weight | C58: wᵢ = mᵢ × pᵢ × fᵢ × rᵢ
A59: Practical note | C59: Recency weight is computed in Data col S. With only 1-2 polls/month in recent Ukrainian data, rᵢ has minimal effect but becomes critical when multiple polls span the same month with different fieldwork dates.
A61: AMENDMENT 4 — Ukrainian Context: CAWI Weight Reduced (wartime coverage bias)
A62: Academic evidence | C62: Post-Soviet Affairs (2025): web (CAWI) studies in wartime Ukraine "cannot reach the oldest and most rural Ukrainians" and contain significantly more coverage bias than telephone samples on war-related variables. Rural and elderly populations are systematically excluded from web panels.
A63: Journal of Peace Research (2025) | C63: Under-coverage in wartime surveys is "significantly more pronounced" due to geographic clustering of violence. CAWI in Ukraine misses displaced populations more severely than CATI.
A64: CAWI weight: was → now | C64: CAWI: 0.75 → 0.60 (reduced by 0.15 to reflect wartime exclusion bias)
A65: CATI note | C65: CATI remains 0.90. PONARS (2023): most wartime Ukrainian polling is CATI — it is the most feasible method and captures older/rural respondents better than web panels.
A67: UPDATED PRECISION PARAMETERS (rows 24–29)
A68: Parameter | C68: Value | D68: Description
A69: Precision Denominator (√ mode) | C69: 98 | D69: CHANGED: was 9604. Now: pᵢ = √(min(nᵢ,N_CAP)) / 98 when MoE missing
A70: Fallback MoE (pp) | C70: 2.5 | D70: Unchanged. Applied when both MoE and n are missing.
A71: Default Method Weight | C71: 0.75 | D71: Unchanged. Applied when method not found in table.
A72: N_CAP (sample size cap) | C72: 5000 | D72: NEW: cap applied before sqrt to prevent mega-poll dominance (per FiftyPlusOne)
A73: DECAY_LAMBDA (recency) | C73: 0.05 | D73: NEW: intra-month recency decay. rᵢ = exp(−λ×Δdays). λ=0.05 → half-life ≈14 days
A74: FLOOD_WINDOW | C74: month | D74: NEW: zone-flooding window. fᵢ = √(1/k) where k = polls from same pollster in same month
A77: HOUSE EFFECT NOTES & REMAINING LIMITATIONS
A78: Pollster / Issue | C78: Candidate / Effect | D78: Commentary
A79: Active Group (CAWI) | C79: Budanov 2025-26 | D79: +3.2pp vs CATI/F2F average in same period. CAWI panels over-represent politically engaged, urban, younger Ukrainians who trend toward military-affiliated candidates. Formula applies 0.60 CAWI weight which partially corrects this but does not eliminate it. Monitor: if KIIS or Razumkov confirm Budanov >10%, treat the Active Group readings as validated.
A80: Active Group (CAWI) | C80: Poroshenko 2025-26 | D80: +2.5pp vs CATI/F2F average. Same mechanism. His true support may be 6-7% vs CAWI-implied 9%. The 0.60 method weight brings the monthly average closer to CATI estimates.
A81: Step-function appearance | C81: Visual limitation | D81: Our formula produces a flat horizontal average per calendar month, then a jump at month boundaries. Ukraine-elections.com.ua's EWMA produces a smooth curve. This cannot be fully fixed within Google Sheets formulas. Partial fix: the 3-month smoothed average (Avg sheet cols L-O) blends current month with ±1 adjacent months — use these columns in Datawrapper for a smoother line.
A82: Sparse months (9 gaps filled) | C82: Carry-forward fix | D82: Avg sheet now contains ALL 49 calendar months from Apr 2022 to Mar 2026, not just 66 publication-date months. This prevents carry-forward from skipping months (e.g. Jan 2025 was missing, breaking the Feb 2025 prior chain). Each empty month now correctly inherits the previous month's estimate.

Sheet Avg
A1: year_month | B1: Zelenskiy_raw | C1: Zaluzhniy_raw | D1: Budanov_raw | E1: Poroshenko_raw | F1: Zelenskiy_avg | G1: Zaluzhniy_avg | H1: Budanov_avg | I1: Poroshenko_avg | L1: 3-Month Smoothed Avg
A2: 44621 | B2: =IFERROR(IF(SUMPRODUCT((Data!$O$2:$O$2277=A2)*(Data!$M$2:$M$2277="Vladimir Zelenskiy")*ISNUMBER(Data!$N$2:$N$2277)*IF(ISNUMBER(Data!$U$2:$U$2277),Data!$U$2:$U$2277,0))>0,SUMPRODUCT((Data!$O$2:$O$2277=A2)*(Data!$M$2:$M$2277="Vladimir Zelenskiy")*ISNUMBER(Data!$N$2:$N$2277)*IF(ISNUMBER(Data!$W$2:$W$2277),Data!$W$2:$W$2277,0)*IF(ISNUMBER(Data!$U$2:$U$2277),Data!$U$2:$U$2277,0))/SUMPRODUCT((Data!$O$2:$O$2277=A2)*(Data!$M$2:$M$2277="Vladimir Zelenskiy")*ISNUMBER(Data!$N$2:$N$2277)*IF(ISNUMBER(Data!$U$2:$U$2277),Data!$U$2:$U$2277,0)),""),"") -> 81.3 | C2: =IFERROR(IF(SUMPRODUCT((Data!$O$2:$O$2277=A2)*(Data!$M$2:$M$2277="Valerii Zaluzhniy")*ISNUMBER(Data!$N$2:$N$2277)*IF(ISNUMBER(Data!$U$2:$U$2277),Data!$U$2:$U$2277,0))>0,SUMPRODUCT((Data!$O$2:$O$2277=A2)*(Data!$M$2:$M$2277="Valerii Zaluzhniy")*ISNUMBER(Data!$N$2:$N$2277)*IF(ISNUMBER(Data!$W$2:$W$2277),Data!$W$2:$W$2277,0)*IF(ISNUMBER(Data!$U$2:$U$2277),Data!$U$2:$U$2277,0))/SUMPRODUCT((Data!$O$2:$O$2277=A2)*(Data!$M$2:$M$2277="Valerii Zaluzhniy")*ISNUMBER(Data!$N$2:$N$2277)*IF(ISNUMBER(Data!$U$2:$U$2277),Data!$U$2:$U$2277,0)),""),"") | D2: ="" | E2: =IFERROR(IF(SUMPRODUCT((Data!$O$2:$O$2277=A2)*(Data!$M$2:$M$2277="Pyotr Poroshenko")*ISNUMBER(Data!$N$2:$N$2277)*IF(ISNUMBER(Data!$U$2:$U$2277),Data!$U$2:$U$2277,0))>0,SUMPRODUCT((Data!$O$2:$O$2277=A2)*(Data!$M$2:$M$2277="Pyotr Poroshenko")*ISNUMBER(Data!$N$2:$N$2277)*IF(ISNUMBER(Data!$W$2:$W$2277),Data!$W$2:$W$2277,0)*IF(ISNUMBER(Data!$U$2:$U$2277),Data!$U$2:$U$2277,0))/SUMPRODUCT((Data!$O$2:$O$2277=A2)*(Data!$M$2:$M$2277="Pyotr Poroshenko")*ISNUMBER(Data!$N$2:$N$2277)*IF(ISNUMBER(Data!$U$2:$U$2277),Data!$U$2:$U$2277,0)),""),"") -> 5.9 | F2: =IF(B2<>"",B2,"") -> 81.3 | G2: =IF(C2<>"",C2,"") | H2: ="" | I2: =IF(E2<>"",E2,"") -> 5.9 | L2: =IF(F2<>"",F2,"") -> 81.3 | M2: =IF(G2<>"",G2,"") | N2: =IF(H2<>"",H2,"") | O2: =IF(I2<>"",I2,"") -> 5.9
A3: 44652 | B3: =IFERROR(IF(SUMPRODUCT((Data!$O$2:$O$2277=A3)*(Data!$M$2:$M$2277="Vladimir Zelenskiy")*ISNUMBER(Data!$N$2:$N$2277)*IF(ISNUMBER(Data!$U$2:$U$2277),Data!$U$2:$U$2277,0))>0,SUMPRODUCT((Data!$O$2:$O$2277=A3)*(Data!$M$2:$M$2277="Vladimir Zelenskiy")*ISNUMBER(Data!$N$2:$N$2277)*IF(ISNUMBER(Data!$W$2:$W$2277),Data!$W$2:$W$2277,0)*IF(ISNUMBER(Data!$U$2:$U$2277),Data!$U$2:$U$2277,0))/SUMPRODUCT((Data!$O$2:$O$2277=A3)*(Data!$M$2:$M$2277="Vladimir Zelenskiy")*ISNUMBER(Data!$N$2:$N$2277)*IF(ISNUMBER(Data!$U$2:$U$2277),Data!$U$2:$U$2277,0)),""),"") -> 81.621238 | C3: =IFERROR(IF(SUMPRODUCT((Data!$O$2:$O$2277=A3)*(Data!$M$2:$M$2277="Valerii Zaluzhniy")*ISNUMBER(Data!$N$2:$N$2277)*IF(ISNUMBER(Data!$U$2:$U$2277),Data!$U$2:$U$2277,0))>0,SUMPRODUCT((Data!$O$2:$O$2277=A3)*(Data!$M$2:$M$2277="Valerii Zaluzhniy")*ISNUMBER(Data!$N$2:$N$2277)*IF(ISNUMBER(Data!$W$2:$W$2277),Data!$W$2:$W$2277,0)*IF(ISNUMBER(Data!$U$2:$U$2277),Data!$U$2:$U$2277,0))/SUMPRODUCT((Data!$O$2:$O$2277=A3)*(Data!$M$2:$M$2277="Valerii Zaluzhniy")*ISNUMBER(Data!$N$2:$N$2277)*IF(ISNUMBER(Data!$U$2:$U$2277),Data!$U$2:$U$2277,0)),""),"") -> 3.7 | D3: ="" | E3: =IFERROR(IF(SUMPRODUCT((Data!$O$2:$O$2277=A3)*(Data!$M$2:$M$2277="Pyotr Poroshenko")*ISNUMBER(Data!$N$2:$N$2277)*IF(ISNUMBER(Data!$U$2:$U$2277),Data!$U$2:$U$2277,0))>0,SUMPRODUCT((Data!$O$2:$O$2277=A3)*(Data!$M$2:$M$2277="Pyotr Poroshenko")*ISNUMBER(Data!$N$2:$N$2277)*IF(ISNUMBER(Data!$W$2:$W$2277),Data!$W$2:$W$2277,0)*IF(ISNUMBER(Data!$U$2:$U$2277),Data!$U$2:$U$2277,0))/SUMPRODUCT((Data!$O$2:$O$2277=A3)*(Data!$M$2:$M$2277="Pyotr Poroshenko")*ISNUMBER(Data!$N$2:$N$2277)*IF(ISNUMBER(Data!$U$2:$U$2277),Data!$U$2:$U$2277,0)),""),"") -> 5.3328073 | F3: =IF(B3<>"",IF(OR(F2="",AND(ABS(IFERROR(SUMPRODUCT((Data!$O$2:$O$2277=A3)*(Data!$M$2:$M$2277="Vladimir Zelenskiy")*ISNUMBER(Data!$N$2:$N$2277)*IF(ISNUMBER(Data!$W$2:$W$2277),Data!$W$2:$W$2277,0)*IF(ISNUMBER(Data!$U$2:$U$2277),Data!$U$2:$U$2277,0))/SUMPRODUCT((Data!$O$2:$O$2277=A3)*(Data!$M$2:$M$2277="Vladimir Zelenskiy")*ISNUMBER(Data!$N$2:$N$2277)*IF(ISNUMBER(Data!$U$2:$U$2277),Data!$U$2:$U$2277,0)),0)-IF(F2="",0,F2))>Formula!$C$30,SUMPRODUCT((Data!$O$2:$O$2277=A3)*(Data!$M$2:$M$2277="Vladimir Zelenskiy")*ISNUMBER(Data!$N$2:$N$2277)*IF(ISNUMBER(Data!$U$2:$U$2277),Data!$U$2:$U$2277,0))>=Formula!$C$31)),B3,(SUMPRODUCT((Data!$O$2:$O$2277=A3)*(Data!$M$2:$M$2277="Vladimir Zelenskiy")*ISNUMBER(Data!$N$2:$N$2277)*IF(ISNUMBER(Data!$W$2:$W$2277),Data!$W$2:$W$2277,0)*IF(ISNUMBER(Data!$U$2:$U$2277),Data!$U$2:$U$2277,0))+Formula!$C$29*F2)/(SUMPRODUCT((Data!$O$2:$O$2277=A3)*(Data!$M$2:$M$2277="Vladimir Zelenskiy")*ISNUMBER(Data!$N$2:$N$2277)*IF(ISNUMBER(Data!$U$2:$U$2277),Data!$U$2:$U$2277,0))+Formula!$C$29)),IF(F2<>"",F2,"")) -> 81.497132 | G3: =IF(C3<>"",IF(OR(G2="",AND(ABS(IFERROR(SUMPRODUCT((Data!$O$2:$O$2277=A3)*(Data!$M$2:$M$2277="Valerii Zaluzhniy")*ISNUMBER(Data!$N$2:$N$2277)*IF(ISNUMBER(Data!$W$2:$W$2277),Data!$W$2:$W$2277,0)*IF(ISNUMBER(Data!$U$2:$U$2277),Data!$U$2:$U$2277,0))/SUMPRODUCT((Data!$O$2:$O$2277=A3)*(Data!$M$2:$M$2277="Valerii Zaluzhniy")*ISNUMBER(Data!$N$2:$N$2277)*IF(ISNUMBER(Data!$U$2:$U$2277),Data!$U$2:$U$2277,0)),0)-IF(G2="",0,G2))>Formula!$C$30,SUMPRODUCT((Data!$O$2:$O$2277=A3)*(Data!$M$2:$M$2277="Valerii Zaluzhniy")*ISNUMBER(Data!$N$2:$N$2277)*IF(ISNUMBER(Data!$U$2:$U$2277),Data!$U$2:$U$2277,0))>=Formula!$C$31)),C3,(SUMPRODUCT((Data!$O$2:$O$2277=A3)*(Data!$M$2:$M$2277="Valerii Zaluzhniy")*ISNUMBER(Data!$N$2:$N$2277)*IF(ISNUMBER(Data!$W$2:$W$2277),Data!$W$2:$W$2277,0)*IF(ISNUMBER(Data!$U$2:$U$2277),Data!$U$2:$U$2277,0))+Formula!$C$29*G2)/(SUMPRODUCT((Data!$O$2:$O$2277=A3)*(Data!$M$2:$M$2277="Valerii Zaluzhniy")*ISNUMBER(Data!$N$2:$N$2277)*IF(ISNUMBER(Data!$U$2:$U$2277),Data!$U$2:$U$2277,0))+Formula!$C$29)),IF(G2<>"",G2,"")) -> 3.7 | H3: ="" | I3: =IF(E3<>"",IF(OR(I2="",AND(ABS(IFERROR(SUMPRODUCT((Data!$O$2:$O$2277=A3)*(Data!$M$2:$M$2277="Pyotr Poroshenko")*ISNUMBER(Data!$N$2:$N$2277)*IF(ISNUMBER(Data!$W$2:$W$2277),Data!$W$2:$W$2277,0)*IF(ISNUMBER(Data!$U$2:$U$2277),Data!$U$2:$U$2277,0))/SUMPRODUCT((Data!$O$2:$O$2277=A3)*(Data!$M$2:$M$2277="Pyotr Poroshenko")*ISNUMBER(Data!$N$2:$N$2277)*IF(ISNUMBER(Data!$U$2:$U$2277),Data!$U$2:$U$2277,0)),0)-IF(I2="",0,I2))>Formula!$C$30,SUMPRODUCT((Data!$O$2:$O$2277=A3)*(Data!$M$2:$M$2277="Pyotr Poroshenko")*ISNUMBER(Data!$N$2:$N$2277)*IF(ISNUMBER(Data!$U$2:$U$2277),Data!$U$2:$U$2277,0))>=Formula!$C$31)),E3,(SUMPRODUCT((Data!$O$2:$O$2277=A3)*(Data!$M$2:$M$2277="Pyotr Poroshenko")*ISNUMBER(Data!$N$2:$N$2277)*IF(ISNUMBER(Data!$W$2:$W$2277),Data!$W$2:$W$2277,0)*IF(ISNUMBER(Data!$U$2:$U$2277),Data!$U$2:$U$2277,0))+Formula!$C$29*I2)/(SUMPRODUCT((Data!$O$2:$O$2277=A3)*(Data!$M$2:$M$2277="Pyotr Poroshenko")*ISNUMBER(Data!$N$2:$N$2277)*IF(ISNUMBER(Data!$U$2:$U$2277),Data!$U$2:$U$2277,0))+Formula!$C$29)),IF(I2<>"",I2,"")) -> 5.551934 | L3: =IFERROR((IF(F2<>"",F2*2,0)+IF(F3<>"",F3*3,0))/(IF(F2<>"",2,0)+IF(F3<>"",3,0)),"") -> 81.418279 | M3: =IFERROR((IF(G2<>"",G2*2,0)+IF(G3<>"",G3*3,0))/(IF(G2<>"",2,0)+IF(G3<>"",3,0)),"") -> 3.7 | N3: =IFERROR((IF(H2<>"",H2*2,0)+IF(H3<>"",H3*3,0))/(IF(H2<>"",2,0)+IF(H3<>"",3,0)),"") | O3: =IFERROR((IF(I2<>"",I2*2,0)+IF(I3<>"",I3*3,0))/(IF(I2<>"",2,0)+IF(I3<>"",3,0)),"") -> 5.6911604
A4: 44682 | B4: =IFERROR(IF(SUMPRODUCT((Data!$O$2:$O$2277=A4)*(Data!$M$2:$M$2277="Vladimir Zelenskiy")*ISNUMBER(Data!$N$2:$N$2277)*IF(ISNUMBER(Data!$U$2:$U$2277),Data!$U$2:$U$2277,0))>0,SUMPRODUCT((Data!$O$2:$O$2277=A4)*(Data!$M$2:$M$2277="Vladimir Zelenskiy")*ISNUMBER(Data!$N$2:$N$2277)*IF(ISNUMBER(Data!$W$2:$W$2277),Data!$W$2:$W$2277,0)*IF(ISNUMBER(Data!$U$2:$U$2277),Data!$U$2:$U$2277,0))/SUMPRODUCT((Data!$O$2:$O$2277=A4)*(Data!$M$2:$M$2277="Vladimir Zelenskiy")*ISNUMBER(Data!$N$2:$N$2277)*IF(ISNUMBER(Data!$U$2:$U$2277),Data!$U$2:$U$2277,0)),""),"") -> 66.2 | C4: =IFERROR(IF(SUMPRODUCT((Data!$O$2:$O$2277=A4)*(Data!$M$2:$M$2277="Valerii Zaluzhniy")*ISNUMBER(Data!$N$2:$N$2277)*IF(ISNUMBER(Data!$U$2:$U$2277),Data!$U$2:$U$2277,0))>0,SUMPRODUCT((Data!$O$2:$O$2277=A4)*(Data!$M$2:$M$2277="Valerii Zaluzhniy")*ISNUMBER(Data!$N$2:$N$2277)*IF(ISNUMBER(Data!$W$2:$W$2277),Data!$W$2:$W$2277,0)*IF(ISNUMBER(Data!$U$2:$U$2277),Data!$U$2:$U$2277,0))/SUMPRODUCT((Data!$O$2:$O$2277=A4)*(Data!$M$2:$M$2277="Valerii Zaluzhniy")*ISNUMBER(Data!$N$2:$N$2277)*IF(ISNUMBER(Data!$U$2:$U$2277),Data!$U$2:$U$2277,0)),""),"") | D4: ="" | E4: =IFERROR(IF(SUMPRODUCT((Data!$O$2:$O$2277=A4)*(Data!$M$2:$M$2277="Pyotr Poroshenko")*ISNUMBER(Data!$N$2:$N$2277)*IF(ISNUMBER(Data!$U$2:$U$2277),Data!$U$2:$U$2277,0))>0,SUMPRODUCT((Data!$O$2:$O$2277=A4)*(Data!$M$2:$M$2277="Pyotr Poroshenko")*ISNUMBER(Data!$N$2:$N$2277)*IF(ISNUMBER(Data!$W$2:$W$2277),Data!$W$2:$W$2277,0)*IF(ISNUMBER(Data!$U$2:$U$2277),Data!$U$2:$U$2277,0))/SUMPRODUCT((Data!$O$2:$O$2277=A4)*(Data!$M$2:$M$2277="Pyotr Poroshenko")*ISNUMBER(Data!$N$2:$N$2277)*IF(ISNUMBER(Data!$U$2:$U$2277),Data!$U$2:$U$2277,0)),""),"") -> 10.8 | F4: =IF(B4<>"",IF(OR(F3="",AND(ABS(IFERROR(SUMPRODUCT((Data!$O$2:$O$2277=A4)*(Data!$M$2:$M$2277="Vladimir Zelenskiy")*ISNUMBER(Data!$N$2:$N$2277)*IF(ISNUMBER(Data!$W$2:$W$2277),Data!$W$2:$W$2277,0)*IF(ISNUMBER(Data!$U$2:$U$2277),Data!$U$2:$U$2277,0))/SUMPRODUCT((Data!$O$2:$O$2277=A4)*(Data!$M$2:$M$2277="Vladimir Zelenskiy")*ISNUMBER(Data!$N$2:$N$2277)*IF(ISNUMBER(Data!$U$2:$U$2277),Data!$U$2:$U$2277,0)),0)-IF(F3="",0,F3))>Formula!$C$30,SUMPRODUCT((Data!$O$2:$O$2277=A4)*(Data!$M$2:$M$2277="Vladimir Zelenskiy")*ISNUMBER(Data!$N$2:$N$2277)*IF(ISNUMBER(Data!$U$2:$U$2277),Data!$U$2:$U$2277,0))>=Formula!$C$31)),B4,(SUMPRODUCT((Data!$O$2:$O$2277=A4)*(Data!$M$2:$M$2277="Vladimir Zelenskiy")*ISNUMBER(Data!$N$2:$N$2277)*IF(ISNUMBER(Data!$W$2:$W$2277),Data!$W$2:$W$2277,0)*IF(ISNUMBER(Data!$U$2:$U$2277),Data!$U$2:$U$2277,0))+Formula!$C$29*F3)/(SUMPRODUCT((Data!$O$2:$O$2277=A4)*(Data!$M$2:$M$2277="Vladimir Zelenskiy")*ISNUMBER(Data!$N$2:$N$2277)*IF(ISNUMBER(Data!$U$2:$U$2277),Data!$U$2:$U$2277,0))+Formula!$C$29)),IF(F3<>"",F3,"")) -> 73.926421 | G4: =IF(C4<>"",IF(OR(G3="",AND(ABS(IFERROR(SUMPRODUCT((Data!$O$2:$O$2277=A4)*(Data!$M$2:$M$2277="Valerii Zaluzhniy")*ISNUMBER(Data!$N$2:$N$2277)*IF(ISNUMBER(Data!$W$2:$W$2277),Data!$W$2:$W$2277,0)*IF(ISNUMBER(Data!$U$2:$U$2277),Data!$U$2:$U$2277,0))/SUMPRODUCT((Data!$O$2:$O$2277=A4)*(Data!$M$2:$M$2277="Valerii Zaluzhniy")*ISNUMBER(Data!$N$2:$N$2277)*IF(ISNUMBER(Data!$U$2:$U$2277),Data!$U$2:$U$2277,0)),0)-IF(G3="",0,G3))>Formula!$C$30,SUMPRODUCT((Data!$O$2:$O$2277=A4)*(Data!$M$2:$M$2277="Valerii Zaluzhniy")*ISNUMBER(Data!$N$2:$N$2277)*IF(ISNUMBER(Data!$U$2:$U$2277),Data!$U$2:$U$2277,0))>=Formula!$C$31)),C4,(SUMPRODUCT((Data!$O$2:$O$2277=A4)*(Data!$M$2:$M$2277="Valerii Zaluzhniy")*ISNUMBER(Data!$N$2:$N$2277)*IF(ISNUMBER(Data!$W$2:$W$2277),Data!$W$2:$W$2277,0)*IF(ISNUMBER(Data!$U$2:$U$2277),Data!$U$2:$U$2277,0))+Formula!$C$29*G3)/(SUMPRODUCT((Data!$O$2:$O$2277=A4)*(Data!$M$2:$M$2277="Valerii Zaluzhniy")*ISNUMBER(Data!$N$2:$N$2277)*IF(ISNUMBER(Data!$U$2:$U$2277),Data!$U$2:$U$2277,0))+Formula!$C$29)),IF(G3<>"",G3,"")) -> 3.7 | H4: ="" | I4: =IF(E4<>"",IF(OR(I3="",AND(ABS(IFERROR(SUMPRODUCT((Data!$O$2:$O$2277=A4)*(Data!$M$2:$M$2277="Pyotr Poroshenko")*ISNUMBER(Data!$N$2:$N$2277)*IF(ISNUMBER(Data!$W$2:$W$2277),Data!$W$2:$W$2277,0)*IF(ISNUMBER(Data!$U$2:$U$2277),Data!$U$2:$U$2277,0))/SUMPRODUCT((Data!$O$2:$O$2277=A4)*(Data!$M$2:$M$2277="Pyotr Poroshenko")*ISNUMBER(Data!$N$2:$N$2277)*IF(ISNUMBER(Data!$U$2:$U$2277),Data!$U$2:$U$2277,0)),0)-IF(I3="",0,I3))>Formula!$C$30,SUMPRODUCT((Data!$O$2:$O$2277=A4)*(Data!$M$2:$M$2277="Pyotr Poroshenko")*ISNUMBER(Data!$N$2:$N$2277)*IF(ISNUMBER(Data!$U$2:$U$2277),Data!$U$2:$U$2277,0))>=Formula!$C$31)),E4,(SUMPRODUCT((Data!$O$2:$O$2277=A4)*(Data!$M$2:$M$2277="Pyotr Poroshenko")*ISNUMBER(Data!$N$2:$N$2277)*IF(ISNUMBER(Data!$W$2:$W$2277),Data!$W$2:$W$2277,0)*IF(ISNUMBER(Data!$U$2:$U$2277),Data!$U$2:$U$2277,0))+Formula!$C$29*I3)/(SUMPRODUCT((Data!$O$2:$O$2277=A4)*(Data!$M$2:$M$2277="Pyotr Poroshenko")*ISNUMBER(Data!$N$2:$N$2277)*IF(ISNUMBER(Data!$U$2:$U$2277),Data!$U$2:$U$2277,0))+Formula!$C$29)),IF(I3<>"",I3,"")) -> 8.149257 | L4: =IFERROR((IF(F2<>"",F2*1,0)+IF(F3<>"",F3*2,0)+IF(F4<>"",F4*3,0))/(IF(F2<>"",1,0)+IF(F3<>"",2,0)+IF(F4<>"",3,0)),"") -> 77.678921 | M4: =IFERROR((IF(G2<>"",G2*1,0)+IF(G3<>"",G3*2,0)+IF(G4<>"",G4*3,0))/(IF(G2<>"",1,0)+IF(G3<>"",2,0)+IF(G4<>"",3,0)),"") -> 3.7 | N4: =IFERROR((IF(H2<>"",H2*1,0)+IF(H3<>"",H3*2,0)+IF(H4<>"",H4*3,0))/(IF(H2<>"",1,0)+IF(H3<>"",2,0)+IF(H4<>"",3,0)),"") | O4: =IFERROR((IF(I2<>"",I2*1,0)+IF(I3<>"",I3*2,0)+IF(I4<>"",I4*3,0))/(IF(I2<>"",1,0)+IF(I3<>"",2,0)+IF(I4<>"",3,0)),"") -> 6.9086065
A5: 44713 | B5: =IFERROR(IF(SUMPRODUCT((Data!$O$2:$O$2277=A5)*(Data!$M$2:$M$2277="Vladimir Zelenskiy")*ISNUMBER(Data!$N$2:$N$2277)*IF(ISNUMBER(Data!$U$2:$U$2277),Data!$U$2:$U$2277,0))>0,SUMPRODUCT((Data!$O$2:$O$2277=A5)*(Data!$M$2:$M$2277="Vladimir Zelenskiy")*ISNUMBER(Data!$N$2:$N$2277)*IF(ISNUMBER(Data!$W$2:$W$2277),Data!$W$2:$W$2277,0)*IF(ISNUMBER(Data!$U$2:$U$2277),Data!$U$2:$U$2277,0))/SUMPRODUCT((Data!$O$2:$O$2277=A5)*(Data!$M$2:$M$2277="Vladimir Zelenskiy")*ISNUMBER(Data!$N$2:$N$2277)*IF(ISNUMBER(Data!$U$2:$U$2277),Data!$U$2:$U$2277,0)),""),"") -> 74.347562 | C5: =IFERROR(IF(SUMPRODUCT((Data!$O$2:$O$2277=A5)*(Data!$M$2:$M$2277="Valerii Zaluzhniy")*ISNUMBER(Data!$N$2:$N$2277)*IF(ISNUMBER(Data!$U$2:$U$2277),Data!$U$2:$U$2277,0))>0,SUMPRODUCT((Data!$O$2:$O$2277=A5)*(Data!$M$2:$M$2277="Valerii Zaluzhniy")*ISNUMBER(Data!$N$2:$N$2277)*IF(ISNUMBER(Data!$W$2:$W$2277),Data!$W$2:$W$2277,0)*IF(ISNUMBER(Data!$U$2:$U$2277),Data!$U$2:$U$2277,0))/SUMPRODUCT((Data!$O$2:$O$2277=A5)*(Data!$M$2:$M$2277="Valerii Zaluzhniy")*ISNUMBER(Data!$N$2:$N$2277)*IF(ISNUMBER(Data!$U$2:$U$2277),Data!$U$2:$U$2277,0)),""),"") | D5: ="" | E5: =IFERROR(IF(SUMPRODUCT((Data!$O$2:$O$2277=A5)*(Data!$M$2:$M$2277="Pyotr Poroshenko")*ISNUMBER(Data!$N$2:$N$2277)*IF(ISNUMBER(Data!$U$2:$U$2277),Data!$U$2:$U$2277,0))>0,SUMPRODUCT((Data!$O$2:$O$2277=A5)*(Data!$M$2:$M$2277="Pyotr Poroshenko")*ISNUMBER(Data!$N$2:$N$2277)*IF(ISNUMBER(Data!$W$2:$W$2277),Data!$W$2:$W$2277,0)*IF(ISNUMBER(Data!$U$2:$U$2277),Data!$U$2:$U$2277,0))/SUMPRODUCT((Data!$O$2:$O$2277=A5)*(Data!$M$2:$M$2277="Pyotr Poroshenko")*ISNUMBER(Data!$N$2:$N$2277)*IF(ISNUMBER(Data!$U$2:$U$2277),Data!$U$2:$U$2277,0)),""),"") -> 5.5739747 | F5: =IF(B5<>"",IF(OR(F4="",AND(ABS(IFERROR(SUMPRODUCT((Data!$O$2:$O$2277=A5)*(Data!$M$2:$M$2277="Vladimir Zelenskiy")*ISNUMBER(Data!$N$2:$N$2277)*IF(ISNUMBER(Data!$W$2:$W$2277),Data!$W$2:$W$2277,0)*IF(ISNUMBER(Data!$U$2:$U$2277),Data!$U$2:$U$2277,0))/SUMPRODUCT((Data!$O$2:$O$2277=A5)*(Data!$M$2:$M$2277="Vladimir Zelenskiy")*ISNUMBER(Data!$N$2:$N$2277)*IF(ISNUMBER(Data!$U$2:$U$2277),Data!$U$2:$U$2277,0)),0)-IF(F4="",0,F4))>Formula!$C$30,SUMPRODUCT((Data!$O$2:$O$2277=A5)*(Data!$M$2:$M$2277="Vladimir Zelenskiy")*ISNUMBER(Data!$N$2:$N$2277)*IF(ISNUMBER(Data!$U$2:$U$2277),Data!$U$2:$U$2277,0))>=Formula!$C$31)),B5,(SUMPRODUCT((Data!$O$2:$O$2277=A5)*(Data!$M$2:$M$2277="Vladimir Zelenskiy")*ISNUMBER(Data!$N$2:$N$2277)*IF(ISNUMBER(Data!$W$2:$W$2277),Data!$W$2:$W$2277,0)*IF(ISNUMBER(Data!$U$2:$U$2277),Data!$U$2:$U$2277,0))+Formula!$C$29*F4)/(SUMPRODUCT((Data!$O$2:$O$2277=A5)*(Data!$M$2:$M$2277="Vladimir Zelenskiy")*ISNUMBER(Data!$N$2:$N$2277)*IF(ISNUMBER(Data!$U$2:$U$2277),Data!$U$2:$U$2277,0))+Formula!$C$29)),IF(F4<>"",F4,"")) -> 74.213732 | G5: =IF(C5<>"",IF(OR(G4="",AND(ABS(IFERROR(SUMPRODUCT((Data!$O$2:$O$2277=A5)*(Data!$M$2:$M$2277="Valerii Zaluzhniy")*ISNUMBER(Data!$N$2:$N$2277)*IF(ISNUMBER(Data!$W$2:$W$2277),Data!$W$2:$W$2277,0)*IF(ISNUMBER(Data!$U$2:$U$2277),Data!$U$2:$U$2277,0))/SUMPRODUCT((Data!$O$2:$O$2277=A5)*(Data!$M$2:$M$2277="Valerii Zaluzhniy")*ISNUMBER(Data!$N$2:$N$2277)*IF(ISNUMBER(Data!$U$2:$U$2277),Data!$U$2:$U$2277,0)),0)-IF(G4="",0,G4))>Formula!$C$30,SUMPRODUCT((Data!$O$2:$O$2277=A5)*(Data!$M$2:$M$2277="Valerii Zaluzhniy")*ISNUMBER(Data!$N$2:$N$2277)*IF(ISNUMBER(Data!$U$2:$U$2277),Data!$U$2:$U$2277,0))>=Formula!$C$31)),C5,(SUMPRODUCT((Data!$O$2:$O$2277=A5)*(Data!$M$2:$M$2277="Valerii Zaluzhniy")*ISNUMBER(Data!$N$2:$N$2277)*IF(ISNUMBER(Data!$W$2:$W$2277),Data!$W$2:$W$2277,0)*IF(ISNUMBER(Data!$U$2:$U$2277),Data!$U$2:$U$2277,0))+Formula!$C$29*G4)/(SUMPRODUCT((Data!$O$2:$O$2277=A5)*(Data!$M$2:$M$2277="Valerii Zaluzhniy")*ISNUMBER(Data!$N$2:$N$2277)*IF(ISNUMBER(Data!$U$2:$U$2277),Data!$U$2:$U$2277,0))+Formula!$C$29)),IF(G4<>"",G4,"")) -> 3.7 | H5: ="" | I5: =IF(E5<>"",IF(OR(I4="",AND(ABS(IFERROR(SUMPRODUCT((Data!$O$2:$O$2277=A5)*(Data!$M$2:$M$2277="Pyotr Poroshenko")*ISNUMBER(Data!$N$2:$N$2277)*IF(ISNUMBER(Data!$W$2:$W$2277),Data!$W$2:$W$2277,0)*IF(ISNUMBER(Data!$U$2:$U$2277),Data!$U$2:$U$2277,0))/SUMPRODUCT((Data!$O$2:$O$2277=A5)*(Data!$M$2:$M$2277="Pyotr Poroshenko")*ISNUMBER(Data!$N$2:$N$2277)*IF(ISNUMBER(Data!$U$2:$U$2277),Data!$U$2:$U$2277,0)),0)-IF(I4="",0,I4))>Formula!$C$30,SUMPRODUCT((Data!$O$2:$O$2277=A5)*(Data!$M$2:$M$2277="Pyotr Poroshenko")*ISNUMBER(Data!$N$2:$N$2277)*IF(ISNUMBER(Data!$U$2:$U$2277),Data!$U$2:$U$2277,0))>=Formula!$C$31)),E5,(SUMPRODUCT((Data!$O$2:$O$2277=A5)*(Data!$M$2:$M$2277="Pyotr Poroshenko")*ISNUMBER(Data!$N$2:$N$2277)*IF(ISNUMBER(Data!$W$2:$W$2277),Data!$W$2:$W$2277,0)*IF(ISNUMBER(Data!$U$2:$U$2277),Data!$U$2:$U$2277,0))+Formula!$C$29*I4)/(SUMPRODUCT((Data!$O$2:$O$2277=A5)*(Data!$M$2:$M$2277="Pyotr Poroshenko")*ISNUMBER(Data!$N$2:$N$2277)*IF(ISNUMBER(Data!$U$2:$U$2277),Data!$U$2:$U$2277,0))+Formula!$C$29)),IF(I4<>"",I4,"")) -> 6.3923465 | L5: =IFERROR((IF(F3<>"",F3*1,0)+IF(F4<>"",F4*2,0)+IF(F5<>"",F5*3,0))/(IF(F3<>"",1,0)+IF(F4<>"",2,0)+IF(F5<>"",3,0)),"") -> 75.331862 | M5: =IFERROR((IF(G3<>"",G3*1,0)+IF(G4<>"",G4*2,0)+IF(G5<>"",G5*3,0))/(IF(G3<>"",1,0)+IF(G4<>"",2,0)+IF(G5<>"",3,0)),"") -> 3.7 | N5: =IFERROR((IF(H3<>"",H3*1,0)+IF(H4<>"",H4*2,0)+IF(H5<>"",H5*3,0))/(IF(H3<>"",1,0)+IF(H4<>"",2,0)+IF(H5<>"",3,0)),"") | O5: =IFERROR((IF(I3<>"",I3*1,0)+IF(I4<>"",I4*2,0)+IF(I5<>"",I5*3,0))/(IF(I3<>"",1,0)+IF(I4<>"",2,0)+IF(I5<>"",3,0)),"") -> 6.8379146
A6: 44743 | B6: =IFERROR(IF(SUMPRODUCT((Data!$O$2:$O$2277=A6)*(Data!$M$2:$M$2277="Vladimir Zelenskiy")*ISNUMBER(Data!$N$2:$N$2277)*IF(ISNUMBER(Data!$U$2:$U$2277),Data!$U$2:$U$2277,0))>0,SUMPRODUCT((Data!$O$2:$O$2277=A6)*(Data!$M$2:$M$2277="Vladimir Zelenskiy")*ISNUMBER(Data!$N$2:$N$2277)*IF(ISNUMBER(Data!$W$2:$W$2277),Data!$W$2:$W$2277,0)*IF(ISNUMBER(Data!$U$2:$U$2277),Data!$U$2:$U$2277,0))/SUMPRODUCT((Data!$O$2:$O$2277=A6)*(Data!$M$2:$M$2277="Vladimir Zelenskiy")*ISNUMBER(Data!$N$2:$N$2277)*IF(ISNUMBER(Data!$U$2:$U$2277),Data!$U$2:$U$2277,0)),""),"") | C6: =IFERROR(IF(SUMPRODUCT((Data!$O$2:$O$2277=A6)*(Data!$M$2:$M$2277="Valerii Zaluzhniy")*ISNUMBER(Data!$N$2:$N$2277)*IF(ISNUMBER(Data!$U$2:$U$2277),Data!$U$2:$U$2277,0))>0,SUMPRODUCT((Data!$O$2:$O$2277=A6)*(Data!$M$2:$M$2277="Valerii Zaluzhniy")*ISNUMBER(Data!$N$2:$N$2277)*IF(ISNUMBER(Data!$W$2:$W$2277),Data!$W$2:$W$2277,0)*IF(ISNUMBER(Data!$U$2:$U$2277),Data!$U$2:$U$2277,0))/SUMPRODUCT((Data!$O$2:$O$2277=A6)*(Data!$M$2:$M$2277="Valerii Zaluzhniy")*ISNUMBER(Data!$N$2:$N$2277)*IF(ISNUMBER(Data!$U$2:$U$2277),Data!$U$2:$U$2277,0)),""),"") | D6: ="" | E6: =IFERROR(IF(SUMPRODUCT((Data!$O$2:$O$2277=A6)*(Data!$M$2:$M$2277="Pyotr Poroshenko")*ISNUMBER(Data!$N$2:$N$2277)*IF(ISNUMBER(Data!$U$2:$U$2277),Data!$U$2:$U$2277,0))>0,SUMPRODUCT((Data!$O$2:$O$2277=A6)*(Data!$M$2:$M$2277="Pyotr Poroshenko")*ISNUMBER(Data!$N$2:$N$2277)*IF(ISNUMBER(Data!$W$2:$W$2277),Data!$W$2:$W$2277,0)*IF(ISNUMBER(Data!$U$2:$U$2277),Data!$U$2:$U$2277,0))/SUMPRODUCT((Data!$O$2:$O$2277=A6)*(Data!$M$2:$M$2277="Pyotr Poroshenko")*ISNUMBER(Data!$N$2:$N$2277)*IF(ISNUMBER(Data!$U$2:$U$2277),Data!$U$2:$U$2277,0)),""),"") | F6: =IF(B6<>"",IF(OR(F5="",AND(ABS(IFERROR(SUMPRODUCT((Data!$O$2:$O$2277=A6)*(Data!$M$2:$M$2277="Vladimir Zelenskiy")*ISNUMBER(Data!$N$2:$N$2277)*IF(ISNUMBER(Data!$W$2:$W$2277),Data!$W$2:$W$2277,0)*IF(ISNUMBER(Data!$U$2:$U$2277),Data!$U$2:$U$2277,0))/SUMPRODUCT((Data!$O$2:$O$2277=A6)*(Data!$M$2:$M$2277="Vladimir Zelenskiy")*ISNUMBER(Data!$N$2:$N$2277)*IF(ISNUMBER(Data!$U$2:$U$2277),Data!$U$2:$U$2277,0)),0)-IF(F5="",0,F5))>Formula!$C$30,SUMPRODUCT((Data!$O$2:$O$2277=A6)*(Data!$M$2:$M$2277="Vladimir Zelenskiy")*ISNUMBER(Data!$N$2:$N$2277)*IF(ISNUMBER(Data!$U$2:$U$2277),Data!$U$2:$U$2277,0))>=Formula!$C$31)),B6,(SUMPRODUCT((Data!$O$2:$O$2277=A6)*(Data!$M$2:$M$2277="Vladimir Zelenskiy")*ISNUMBER(Data!$N$2:$N$2277)*IF(ISNUMBER(Data!$W$2:$W$2277),Data!$W$2:$W$2277,0)*IF(ISNUMBER(Data!$U$2:$U$2277),Data!$U$2:$U$2277,0))+Formula!$C$29*F5)/(SUMPRODUCT((Data!$O$2:$O$2277=A6)*(Data!$M$2:$M$2277="Vladimir Zelenskiy")*ISNUMBER(Data!$N$2:$N$2277)*IF(ISNUMBER(Data!$U$2:$U$2277),Data!$U$2:$U$2277,0))+Formula!$C$29)),IF(F5<>"",F5,"")) -> 74.213732 | G6: =IF(C6<>"",IF(OR(G5="",AND(ABS(IFERROR(SUMPRODUCT((Data!$O$2:$O$2277=A6)*(Data!$M$2:$M$2277="Valerii Zaluzhniy")*ISNUMBER(Data!$N$2:$N$2277)*IF(ISNUMBER(Data!$W$2:$W$2277),Data!$W$2:$W$2277,0)*IF(ISNUMBER(Data!$U$2:$U$2277),Data!$U$2:$U$2277,0))/SUMPRODUCT((Data!$O$2:$O$2277=A6)*(Data!$M$2:$M$2277="Valerii Zaluzhniy")*ISNUMBER(Data!$N$2:$N$2277)*IF(ISNUMBER(Data!$U$2:$U$2277),Data!$U$2:$U$2277,0)),0)-IF(G5="",0,G5))>Formula!$C$30,SUMPRODUCT((Data!$O$2:$O$2277=A6)*(Data!$M$2:$M$2277="Valerii Zaluzhniy")*ISNUMBER(Data!$N$2:$N$2277)*IF(ISNUMBER(Data!$U$2:$U$2277),Data!$U$2:$U$2277,0))>=Formula!$C$31)),C6,(SUMPRODUCT((Data!$O$2:$O$2277=A6)*(Data!$M$2:$M$2277="Valerii Zaluzhniy")*ISNUMBER(Data!$N$2:$N$2277)*IF(ISNUMBER(Data!$W$2:$W$2277),Data!$W$2:$W$2277,0)*IF(ISNUMBER(Data!$U$2:$U$2277),Data!$U$2:$U$2277,0))+Formula!$C$29*G5)/(SUMPRODUCT((Data!$O$2:$O$2277=A6)*(Data!$M$2:$M$2277="Valerii Zaluzhniy")*ISNUMBER(Data!$N$2:$N$2277)*IF(ISNUMBER(Data!$U$2:$U$2277),Data!$U$2:$U$2277,0))+Formula!$C$29)),IF(G5<>"",G5,"")) -> 3.7 | H6: ="" | I6: =IF(E6<>"",IF(OR(I5="",AND(ABS(IFERROR(SUMPRODUCT((Data!$O$2:$O$2277=A6)*(Data!$M$2:$M$2277="Pyotr Poroshenko")*ISNUMBER(Data!$N$2:$N$2277)*IF(ISNUMBER(Data!$W$2:$W$2277),Data!$W$2:$W$2277,0)*IF(ISNUMBER(Data!$U$2:$U$2277),Data!$U$2:$U$2277,0))/SUMPRODUCT((Data!$O$2:$O$2277=A6)*(Data!$M$2:$M$2277="Pyotr Poroshenko")*ISNUMBER(Data!$N$2:$N$2277)*IF(ISNUMBER(Data!$U$2:$U$2277),Data!$U$2:$U$2277,0)),0)-IF(I5="",0,I5))>Formula!$C$30,SUMPRODUCT((Data!$O$2:$O$2277=A6)*(Data!$M$2:$M$2277="Pyotr Poroshenko")*ISNUMBER(Data!$N$2:$N$2277)*IF(ISNUMBER(Data!$U$2:$U$2277),Data!$U$2:$U$2277,0))>=Formula!$C$31)),E6,(SUMPRODUCT((Data!$O$2:$O$2277=A6)*(Data!$M$2:$M$2277="Pyotr Poroshenko")*ISNUMBER(Data!$N$2:$N$2277)*IF(ISNUMBER(Data!$W$2:$W$2277),Data!$W$2:$W$2277,0)*IF(ISNUMBER(Data!$U$2:$U$2277),Data!$U$2:$U$2277,0))+Formula!$C$29*I5)/(SUMPRODUCT((Data!$O$2:$O$2277=A6)*(Data!$M$2:$M$2277="Pyotr Poroshenko")*ISNUMBER(Data!$N$2:$N$2277)*IF(ISNUMBER(Data!$U$2:$U$2277),Data!$U$2:$U$2277,0))+Formula!$C$29)),IF(I5<>"",I5,"")) -> 6.3923465 | L6: =IFERROR((IF(F4<>"",F4*1,0)+IF(F5<>"",F5*2,0)+IF(F6<>"",F6*3,0))/(IF(F4<>"",1,0)+IF(F5<>"",2,0)+IF(F6<>"",3,0)),"") -> 74.165847 | M6: =IFERROR((IF(G4<>"",G4*1,0)+IF(G5<>"",G5*2,0)+IF(G6<>"",G6*3,0))/(IF(G4<>"",1,0)+IF(G5<>"",2,0)+IF(G6<>"",3,0)),"") -> 3.7 | N6: =IFERROR((IF(H4<>"",H4*1,0)+IF(H5<>"",H5*2,0)+IF(H6<>"",H6*3,0))/(IF(H4<>"",1,0)+IF(H5<>"",2,0)+IF(H6<>"",3,0)),"") | O6: =IFERROR((IF(I4<>"",I4*1,0)+IF(I5<>"",I5*2,0)+IF(I6<>"",I6*3,0))/(IF(I4<>"",1,0)+IF(I5<>"",2,0)+IF(I6<>"",3,0)),"") -> 6.6851649
A7: 44774 | B7: =IFERROR(IF(SUMPRODUCT((Data!$O$2:$O$2277=A7)*(Data!$M$2:$M$2277="Vladimir Zelenskiy")*ISNUMBER(Data!$N$2:$N$2277)*IF(ISNUMBER(Data!$U$2:$U$2277),Data!$U$2:$U$2277,0))>0,SUMPRODUCT((Data!$O$2:$O$2277=A7)*(Data!$M$2:$M$2277="Vladimir Zelenskiy")*ISNUMBER(Data!$N$2:$N$2277)*IF(ISNUMBER(Data!$W$2:$W$2277),Data!$W$2:$W$2277,0)*IF(ISNUMBER(Data!$U$2:$U$2277),Data!$U$2:$U$2277,0))/SUMPRODUCT((Data!$O$2:$O$2277=A7)*(Data!$M$2:$M$2277="Vladimir Zelenskiy")*ISNUMBER(Data!$N$2:$N$2277)*IF(ISNUMBER(Data!$U$2:$U$2277),Data!$U$2:$U$2277,0)),""),"") -> 72.08997 | C7: =IFERROR(IF(SUMPRODUCT((Data!$O$2:$O$2277=A7)*(Data!$M$2:$M$2277="Valerii Zaluzhniy")*ISNUMBER(Data!$N$2:$N$2277)*IF(ISNUMBER(Data!$U$2:$U$2277),Data!$U$2:$U$2277,0))>0,SUMPRODUCT((Data!$O$2:$O$2277=A7)*(Data!$M$2:$M$2277="Valerii Zaluzhniy")*ISNUMBER(Data!$N$2:$N$2277)*IF(ISNUMBER(Data!$W$2:$W$2277),Data!$W$2:$W$2277,0)*IF(ISNUMBER(Data!$U$2:$U$2277),Data!$U$2:$U$2277,0))/SUMPRODUCT((Data!$O$2:$O$2277=A7)*(Data!$M$2:$M$2277="Valerii Zaluzhniy")*ISNUMBER(Data!$N$2:$N$2277)*IF(ISNUMBER(Data!$U$2:$U$2277),Data!$U$2:$U$2277,0)),""),"") | D7: ="" | E7: =IFERROR(IF(SUMPRODUCT((Data!$O$2:$O$2277=A7)*(Data!$M$2:$M$2277="Pyotr Poroshenko")*ISNUMBER(Data!$N$2:$N$2277)*IF(ISNUMBER(Data!$U$2:$U$2277),Data!$U$2:$U$2277,0))>0,SUMPRODUCT((Data!$O$2:$O$2277=A7)*(Data!$M$2:$M$2277="Pyotr Poroshenko")*ISNUMBER(Data!$N$2:$N$2277)*IF(ISNUMBER(Data!$W$2:$W$2277),Data!$W$2:$W$2277,0)*IF(ISNUMBER(Data!$U$2:$U$2277),Data!$U$2:$U$2277,0))/SUMPRODUCT((Data!$O$2:$O$2277=A7)*(Data!$M$2:$M$2277="Pyotr Poroshenko")*ISNUMBER(Data!$N$2:$N$2277)*IF(ISNUMBER(Data!$U$2:$U$2277),Data!$U$2:$U$2277,0)),""),"") -> 6.2411108 | F7: =IF(B7<>"",IF(OR(F6="",AND(ABS(IFERROR(SUMPRODUCT((Data!$O$2:$O$2277=A7)*(Data!$M$2:$M$2277="Vladimir Zelenskiy")*ISNUMBER(Data!$N$2:$N$2277)*IF(ISNUMBER(Data!$W$2:$W$2277),Data!$W$2:$W$2277,0)*IF(ISNUMBER(Data!$U$2:$U$2277),Data!$U$2:$U$2277,0))/SUMPRODUCT((Data!$O$2:$O$2277=A7)*(Data!$M$2:$M$2277="Vladimir Zelenskiy")*ISNUMBER(Data!$N$2:$N$2277)*IF(ISNUMBER(Data!$U$2:$U$2277),Data!$U$2:$U$2277,0)),0)-IF(F6="",0,F6))>Formula!$C$30,SUMPRODUCT((Data!$O$2:$O$2277=A7)*(Data!$M$2:$M$2277="Vladimir Zelenskiy")*ISNUMBER(Data!$N$2:$N$2277)*IF(ISNUMBER(Data!$U$2:$U$2277),Data!$U$2:$U$2277,0))>=Formula!$C$31)),B7,(SUMPRODUCT((Data!$O$2:$O$2277=A7)*(Data!$M$2:$M$2277="Vladimir Zelenskiy")*ISNUMBER(Data!$N$2:$N$2277)*IF(ISNUMBER(Data!$W$2:$W$2277),Data!$W$2:$W$2277,0)*IF(ISNUMBER(Data!$U$2:$U$2277),Data!$U$2:$U$2277,0))+Formula!$C$29*F6)/(SUMPRODUCT((Data!$O$2:$O$2277=A7)*(Data!$M$2:$M$2277="Vladimir Zelenskiy")*ISNUMBER(Data!$N$2:$N$2277)*IF(ISNUMBER(Data!$U$2:$U$2277),Data!$U$2:$U$2277,0))+Formula!$C$29)),IF(F6<>"",F6,"")) -> 72.807141 | G7: =IF(C7<>"",IF(OR(G6="",AND(ABS(IFERROR(SUMPRODUCT((Data!$O$2:$O$2277=A7)*(Data!$M$2:$M$2277="Valerii Zaluzhniy")*ISNUMBER(Data!$N$2:$N$2277)*IF(ISNUMBER(Data!$W$2:$W$2277),Data!$W$2:$W$2277,0)*IF(ISNUMBER(Data!$U$2:$U$2277),Data!$U$2:$U$2277,0))/SUMPRODUCT((Data!$O$2:$O$2277=A7)*(Data!$M$2:$M$2277="Valerii Zaluzhniy")*ISNUMBER(Data!$N$2:$N$2277)*IF(ISNUMBER(Data!$U$2:$U$2277),Data!$U$2:$U$2277,0)),0)-IF(G6="",0,G6))>Formula!$C$30,SUMPRODUCT((Data!$O$2:$O$2277=A7)*(Data!$M$2:$M$2277="Valerii Zaluzhniy")*ISNUMBER(Data!$N$2:$N$2277)*IF(ISNUMBER(Data!$U$2:$U$2277),Data!$U$2:$U$2277,0))>=Formula!$C$31)),C7,(SUMPRODUCT((Data!$O$2:$O$2277=A7)*(Data!$M$2:$M$2277="Valerii Zaluzhniy")*ISNUMBER(Data!$N$2:$N$2277)*IF(ISNUMBER(Data!$W$2:$W$2277),Data!$W$2:$W$2277,0)*IF(ISNUMBER(Data!$U$2:$U$2277),Data!$U$2:$U$2277,0))+Formula!$C$29*G6)/(SUMPRODUCT((Data!$O$2:$O$2277=A7)*(Data!$M$2:$M$2277="Valerii Zaluzhniy")*ISNUMBER(Data!$N$2:$N$2277)*IF(ISNUMBER(Data!$U$2:$U$2277),Data!$U$2:$U$2277,0))+Formula!$C$29)),IF(G6<>"",G6,"")) -> 3.7 | H7: ="" | I7: =IF(E7<>"",IF(OR(I6="",AND(ABS(IFERROR(SUMPRODUCT((Data!$O$2:$O$2277=A7)*(Data!$M$2:$M$2277="Pyotr Poroshenko")*ISNUMBER(Data!$N$2:$N$2277)*IF(ISNUMBER(Data!$W$2:$W$2277),Data!$W$2:$W$2277,0)*IF(ISNUMBER(Data!$U$2:$U$2277),Data!$U$2:$U$2277,0))/SUMPRODUCT((Data!$O$2:$O$2277=A7)*(Data!$M$2:$M$2277="Pyotr Poroshenko")*ISNUMBER(Data!$N$2:$N$2277)*IF(ISNUMBER(Data!$U$2:$U$2277),Data!$U$2:$U$2277,0)),0)-IF(I6="",0,I6))>Formula!$C$30,SUMPRODUCT((Data!$O$2:$O$2277=A7)*(Data!$M$2:$M$2277="Pyotr Poroshenko")*ISNUMBER(Data!$N$2:$N$2277)*IF(ISNUMBER(Data!$U$2:$U$2277),Data!$U$2:$U$2277,0))>=Formula!$C$31)),E7,(SUMPRODUCT((Data!$O$2:$O$2277=A7)*(Data!$M$2:$M$2277="Pyotr Poroshenko")*ISNUMBER(Data!$N$2:$N$2277)*IF(ISNUMBER(Data!$W$2:$W$2277),Data!$W$2:$W$2277,0)*IF(ISNUMBER(Data!$U$2:$U$2277),Data!$U$2:$U$2277,0))+Formula!$C$29*I6)/(SUMPRODUCT((Data!$O$2:$O$2277=A7)*(Data!$M$2:$M$2277="Pyotr Poroshenko")*ISNUMBER(Data!$N$2:$N$2277)*IF(ISNUMBER(Data!$U$2:$U$2277),Data!$U$2:$U$2277,0))+Formula!$C$29)),IF(I6<>"",I6,"")) -> 6.2921815 | L7: =IFERROR((IF(F5<>"",F5*1,0)+IF(F6<>"",F6*2,0)+IF(F7<>"",F7*3,0))/(IF(F5<>"",1,0)+IF(F6<>"",2,0)+IF(F7<>"",3,0)),"") -> 73.510437 | M7: =IFERROR((IF(G5<>"",G5*1,0)+IF(G6<>"",G6*2,0)+IF(G7<>"",G7*3,0))/(IF(G5<>"",1,0)+IF(G6<>"",2,0)+IF(G7<>"",3,0)),"") -> 3.7 | N7: =IFERROR((IF(H5<>"",H5*1,0)+IF(H6<>"",H6*2,0)+IF(H7<>"",H7*3,0))/(IF(H5<>"",1,0)+IF(H6<>"",2,0)+IF(H7<>"",3,0)),"") | O7: =IFERROR((IF(I5<>"",I5*1,0)+IF(I6<>"",I6*2,0)+IF(I7<>"",I7*3,0))/(IF(I5<>"",1,0)+IF(I6<>"",2,0)+IF(I7<>"",3,0)),"") -> 6.342264
